ID_ENTIDAD,ID_DISTRITO_FEDERAL,PARTIDO_CI
1,1,PAN
1,1,PRI
1,1,PRD
1,1,PVEM
1,1,PT
1,1,MC
1,1,MORENA
1,1,PAN_PRI_PRD
1,1,PAN_PRI
1,1,PAN_PRD
1,1,PRI_PRD
1,1,PVEM_PT_MORENA
1,1,PVEM_PT
1,1,PVEM_MORENA
1,1,PT_MORENA
1,2,PAN
1,2,PRI
1,2,PRD
1,2,PVEM
1,2,PT
1,2,MC
1,2,MORENA
1,2,PAN_PRI_PRD
1,2,PAN_PRI
1,2,PAN_PRD
1,2,PRI_PRD
1,2,PVEM_PT_MORENA
1,2,PVEM_PT
1,2,PVEM_MORENA
1,2,PT_MORENA
1,3,PAN
1,3,PRI
1,3,PRD
1,3,PVEM
1,3,PT
1,3,MC
1,3,MORENA
1,3,PVEM_PT_MORENA
1,3,PVEM_PT
1,3,PVEM_MORENA
1,3,PT_MORENA
2,1,PAN
2,1,PRI
2,1,PRD
2,1,PVEM
2,1,PT
2,1,MC
2,1,MORENA
2,1,PAN_PRI_PRD
2,1,PAN_PRI
2,1,PAN_PRD
2,1,PRI_PRD
2,2,PAN
2,2,PRI
2,2,PRD
2,2,PVEM
2,2,PT
2,2,MC
2,2,MORENA
2,2,PAN_PRI_PRD
2,2,PAN_PRI
2,2,PAN_PRD
2,2,PRI_PRD
2,3,PAN
2,3,PRI
2,3,PRD
2,3,PVEM
2,3,PT
2,3,MC
2,3,MORENA
2,3,PAN_PRI_PRD
2,3,PAN_PRI
2,3,PAN_PRD
2,3,PRI_PRD
2,4,PAN
2,4,PRI
2,4,PRD
2,4,PVEM
2,4,PT
2,4,MC
2,4,MORENA
2,4,PAN_PRI_PRD
2,4,PAN_PRI
2,4,PAN_PRD
2,4,PRI_PRD
2,5,PAN
2,5,PRI
2,5,PRD
2,5,PVEM
2,5,PT
2,5,MC
2,5,MORENA
2,5,PAN_PRI_PRD
2,5,PAN_PRI
2,5,PAN_PRD
2,5,PRI_PRD
2,6,PAN
2,6,PRI
2,6,PRD
2,6,PVEM
2,6,PT
2,6,MC
2,6,MORENA
2,6,PAN_PRI_PRD
2,6,PAN_PRI
2,6,PAN_PRD
2,6,PRI_PRD
2,7,PAN
2,7,PRI
2,7,PRD
2,7,PVEM
2,7,PT
2,7,MC
2,7,MORENA
2,7,PAN_PRI_PRD
2,7,PAN_PRI
2,7,PAN_PRD
2,7,PRI_PRD
2,8,PAN
2,8,PRI
2,8,PRD
2,8,PVEM
2,8,PT
2,8,MC
2,8,MORENA
2,8,PAN_PRI_PRD
2,8,PAN_PRI
2,8,PAN_PRD
2,8,PRI_PRD
2,8,PVEM_PT_MORENA
2,8,PVEM_PT
2,8,PVEM_MORENA
2,8,PT_MORENA
2,9,PAN
2,9,PRI
2,9,PRD
2,9,PVEM
2,9,PT
2,9,MC
2,9,MORENA
2,9,PAN_PRI_PRD
2,9,PAN_PRI
2,9,PAN_PRD
2,9,PRI_PRD
3,1,PAN
3,1,PRI
3,1,PRD
3,1,PVEM
3,1,PT
3,1,MC
3,1,MORENA
3,1,PAN_PRI_PRD
3,1,PAN_PRI
3,1,PAN_PRD
3,1,PRI_PRD
3,1,PVEM_PT_MORENA
3,1,PVEM_PT
3,1,PVEM_MORENA
3,1,PT_MORENA
3,2,PAN
3,2,PRI
3,2,PRD
3,2,PVEM
3,2,PT
3,2,MC
3,2,MORENA
3,2,PAN_PRI_PRD
3,2,PAN_PRI
3,2,PAN_PRD
3,2,PRI_PRD
3,2,PVEM_PT_MORENA
3,2,PVEM_PT
3,2,PVEM_MORENA
3,2,PT_MORENA
4,1,PAN
4,1,PRI
4,1,PRD
4,1,PVEM
4,1,PT
4,1,MC
4,1,MORENA
4,1,PAN_PRI_PRD
4,1,PAN_PRI
4,1,PAN_PRD
4,1,PRI_PRD
4,1,PVEM_PT_MORENA
4,1,PVEM_PT
4,1,PVEM_MORENA
4,1,PT_MORENA
4,2,PAN
4,2,PRI
4,2,PRD
4,2,PVEM
4,2,PT
4,2,MC
4,2,MORENA
4,2,PAN_PRI_PRD
4,2,PAN_PRI
4,2,PAN_PRD
4,2,PRI_PRD
4,2,PVEM_PT_MORENA
4,2,PVEM_PT
4,2,PVEM_MORENA
4,2,PT_MORENA
5,1,PAN
5,1,PRI
5,1,PRD
5,1,PVEM
5,1,PT
5,1,MC
5,1,MORENA
5,1,PAN_PRI_PRD
5,1,PAN_PRI
5,1,PAN_PRD
5,1,PRI_PRD
5,1,PVEM_PT_MORENA
5,1,PVEM_PT
5,1,PVEM_MORENA
5,1,PT_MORENA
5,2,PAN
5,2,PRI
5,2,PRD
5,2,PVEM
5,2,PT
5,2,MC
5,2,MORENA
5,2,PAN_PRI_PRD
5,2,PAN_PRI
5,2,PAN_PRD
5,2,PRI_PRD
5,2,PVEM_PT_MORENA
5,2,PVEM_PT
5,2,PVEM_MORENA
5,2,PT_MORENA
5,3,PAN
5,3,PRI
5,3,PRD
5,3,PVEM
5,3,PT
5,3,MC
5,3,MORENA
5,3,PAN_PRI_PRD
5,3,PAN_PRI
5,3,PAN_PRD
5,3,PRI_PRD
5,3,PVEM_PT_MORENA
5,3,PVEM_PT
5,3,PVEM_MORENA
5,3,PT_MORENA
5,4,PAN
5,4,PRI
5,4,PRD
5,4,PVEM
5,4,PT
5,4,MC
5,4,MORENA
5,4,PAN_PRI_PRD
5,4,PAN_PRI
5,4,PAN_PRD
5,4,PRI_PRD
5,4,PVEM_PT_MORENA
5,4,PVEM_PT
5,4,PVEM_MORENA
5,4,PT_MORENA
5,5,PAN
5,5,PRI
5,5,PRD
5,5,PVEM
5,5,PT
5,5,MC
5,5,MORENA
5,5,PAN_PRI_PRD
5,5,PAN_PRI
5,5,PAN_PRD
5,5,PRI_PRD
5,5,PVEM_PT_MORENA
5,5,PVEM_PT
5,5,PVEM_MORENA
5,5,PT_MORENA
5,6,PAN
5,6,PRI
5,6,PRD
5,6,PVEM
5,6,PT
5,6,MC
5,6,MORENA
5,6,PAN_PRI_PRD
5,6,PAN_PRI
5,6,PAN_PRD
5,6,PRI_PRD
5,6,PVEM_PT_MORENA
5,6,PVEM_PT
5,6,PVEM_MORENA
5,6,PT_MORENA
5,7,PAN
5,7,PRI
5,7,PRD
5,7,PVEM
5,7,PT
5,7,MC
5,7,MORENA
5,7,PAN_PRI_PRD
5,7,PAN_PRI
5,7,PAN_PRD
5,7,PRI_PRD
5,7,PVEM_PT_MORENA
5,7,PVEM_PT
5,7,PVEM_MORENA
5,7,PT_MORENA
5,8,PAN
5,8,PRI
5,8,PRD
5,8,PVEM
5,8,PT
5,8,MC
5,8,MORENA
5,8,PAN_PRI_PRD
5,8,PAN_PRI
5,8,PAN_PRD
5,8,PRI_PRD
5,8,PVEM_PT_MORENA
5,8,PVEM_PT
5,8,PVEM_MORENA
5,8,PT_MORENA
6,1,PAN
6,1,PRI
6,1,PRD
6,1,PVEM
6,1,PT
6,1,MC
6,1,MORENA
6,1,PAN_PRI_PRD
6,1,PAN_PRI
6,1,PAN_PRD
6,1,PRI_PRD
6,1,PVEM_PT_MORENA
6,1,PVEM_PT
6,1,PVEM_MORENA
6,1,PT_MORENA
6,2,PAN
6,2,PRI
6,2,PRD
6,2,PVEM
6,2,PT
6,2,MC
6,2,MORENA
6,2,PAN_PRI_PRD
6,2,PAN_PRI
6,2,PAN_PRD
6,2,PRI_PRD
6,2,PVEM_PT_MORENA
6,2,PVEM_PT
6,2,PVEM_MORENA
6,2,PT_MORENA
7,1,PAN
7,1,PRI
7,1,PRD
7,1,PVEM
7,1,PT
7,1,MC
7,1,MORENA
7,1,PAN_PRI_PRD
7,1,PAN_PRI
7,1,PAN_PRD
7,1,PRI_PRD
7,1,PVEM_PT_MORENA
7,1,PVEM_PT
7,1,PVEM_MORENA
7,1,PT_MORENA
7,2,PAN
7,2,PRI
7,2,PRD
7,2,PVEM
7,2,PT
7,2,MC
7,2,MORENA
7,2,PAN_PRI_PRD
7,2,PAN_PRI
7,2,PAN_PRD
7,2,PRI_PRD
7,2,PVEM_PT_MORENA
7,2,PVEM_PT
7,2,PVEM_MORENA
7,2,PT_MORENA
7,3,PAN
7,3,PRI
7,3,PRD
7,3,PVEM
7,3,PT
7,3,MC
7,3,MORENA
7,3,PAN_PRI_PRD
7,3,PAN_PRI
7,3,PAN_PRD
7,3,PRI_PRD
7,3,PVEM_PT_MORENA
7,3,PVEM_PT
7,3,PVEM_MORENA
7,3,PT_MORENA
7,4,PAN
7,4,PRI
7,4,PRD
7,4,PVEM
7,4,PT
7,4,MC
7,4,MORENA
7,4,PAN_PRI_PRD
7,4,PAN_PRI
7,4,PAN_PRD
7,4,PRI_PRD
7,4,PVEM_PT_MORENA
7,4,PVEM_PT
7,4,PVEM_MORENA
7,4,PT_MORENA
7,5,PAN
7,5,PRI
7,5,PRD
7,5,PVEM
7,5,PT
7,5,MC
7,5,MORENA
7,5,PAN_PRI_PRD
7,5,PAN_PRI
7,5,PAN_PRD
7,5,PRI_PRD
7,5,PVEM_PT_MORENA
7,5,PVEM_PT
7,5,PVEM_MORENA
7,5,PT_MORENA
7,6,PAN
7,6,PRI
7,6,PRD
7,6,PVEM
7,6,PT
7,6,MC
7,6,MORENA
7,6,PAN_PRI_PRD
7,6,PAN_PRI
7,6,PAN_PRD
7,6,PRI_PRD
7,6,PVEM_PT_MORENA
7,6,PVEM_PT
7,6,PVEM_MORENA
7,6,PT_MORENA
7,7,PAN
7,7,PRI
7,7,PRD
7,7,PVEM
7,7,PT
7,7,MC
7,7,MORENA
7,7,PAN_PRI_PRD
7,7,PAN_PRI
7,7,PAN_PRD
7,7,PRI_PRD
7,8,PAN
7,8,PRI
7,8,PRD
7,8,PVEM
7,8,PT
7,8,MC
7,8,MORENA
7,8,PAN_PRI_PRD
7,8,PAN_PRI
7,8,PAN_PRD
7,8,PRI_PRD
7,8,PVEM_PT_MORENA
7,8,PVEM_PT
7,8,PVEM_MORENA
7,8,PT_MORENA
7,9,PAN
7,9,PRI
7,9,PRD
7,9,PVEM
7,9,PT
7,9,MC
7,9,MORENA
7,9,PAN_PRI_PRD
7,9,PAN_PRI
7,9,PAN_PRD
7,9,PRI_PRD
7,9,PVEM_PT_MORENA
7,9,PVEM_PT
7,9,PVEM_MORENA
7,9,PT_MORENA
7,9,CI_1
7,10,PAN
7,10,PRI
7,10,PRD
7,10,PVEM
7,10,PT
7,10,MC
7,10,MORENA
7,10,PAN_PRI_PRD
7,10,PAN_PRI
7,10,PAN_PRD
7,10,PRI_PRD
7,10,PVEM_PT_MORENA
7,10,PVEM_PT
7,10,PVEM_MORENA
7,10,PT_MORENA
7,11,PAN
7,11,PRI
7,11,PRD
7,11,PVEM
7,11,PT
7,11,MC
7,11,MORENA
7,11,PAN_PRI_PRD
7,11,PAN_PRI
7,11,PAN_PRD
7,11,PRI_PRD
7,11,PVEM_PT_MORENA
7,11,PVEM_PT
7,11,PVEM_MORENA
7,11,PT_MORENA
7,12,PAN
7,12,PRI
7,12,PRD
7,12,PVEM
7,12,PT
7,12,MC
7,12,MORENA
7,12,PAN_PRI_PRD
7,12,PAN_PRI
7,12,PAN_PRD
7,12,PRI_PRD
7,13,PAN
7,13,PRI
7,13,PRD
7,13,PVEM
7,13,PT
7,13,MC
7,13,MORENA
7,13,PAN_PRI_PRD
7,13,PAN_PRI
7,13,PAN_PRD
7,13,PRI_PRD
7,13,PVEM_PT_MORENA
7,13,PVEM_PT
7,13,PVEM_MORENA
7,13,PT_MORENA
8,1,PAN
8,1,PRI
8,1,PRD
8,1,PVEM
8,1,PT
8,1,MC
8,1,MORENA
8,1,PAN_PRI_PRD
8,1,PAN_PRI
8,1,PAN_PRD
8,1,PRI_PRD
8,1,PVEM_PT_MORENA
8,1,PVEM_PT
8,1,PVEM_MORENA
8,1,PT_MORENA
8,2,PAN
8,2,PRI
8,2,PRD
8,2,PVEM
8,2,PT
8,2,MC
8,2,MORENA
8,2,PAN_PRI_PRD
8,2,PAN_PRI
8,2,PAN_PRD
8,2,PRI_PRD
8,2,PVEM_PT_MORENA
8,2,PVEM_PT
8,2,PVEM_MORENA
8,2,PT_MORENA
8,3,PAN
8,3,PRI
8,3,PRD
8,3,PVEM
8,3,PT
8,3,MC
8,3,MORENA
8,3,PAN_PRI_PRD
8,3,PAN_PRI
8,3,PAN_PRD
8,3,PRI_PRD
8,3,PVEM_PT_MORENA
8,3,PVEM_PT
8,3,PVEM_MORENA
8,3,PT_MORENA
8,4,PAN
8,4,PRI
8,4,PRD
8,4,PVEM
8,4,PT
8,4,MC
8,4,MORENA
8,4,PAN_PRI_PRD
8,4,PAN_PRI
8,4,PAN_PRD
8,4,PRI_PRD
8,4,PVEM_PT_MORENA
8,4,PVEM_PT
8,4,PVEM_MORENA
8,4,PT_MORENA
8,5,PAN
8,5,PRI
8,5,PRD
8,5,PVEM
8,5,PT
8,5,MC
8,5,MORENA
8,5,PAN_PRI_PRD
8,5,PAN_PRI
8,5,PAN_PRD
8,5,PRI_PRD
8,5,PVEM_PT_MORENA
8,5,PVEM_PT
8,5,PVEM_MORENA
8,5,PT_MORENA
8,6,PAN
8,6,PRI
8,6,PRD
8,6,PVEM
8,6,PT
8,6,MC
8,6,MORENA
8,6,PAN_PRI_PRD
8,6,PAN_PRI
8,6,PAN_PRD
8,6,PRI_PRD
8,6,PVEM_PT_MORENA
8,6,PVEM_PT
8,6,PVEM_MORENA
8,6,PT_MORENA
8,7,PAN
8,7,PRI
8,7,PRD
8,7,PVEM
8,7,PT
8,7,MC
8,7,MORENA
8,7,PAN_PRI_PRD
8,7,PAN_PRI
8,7,PAN_PRD
8,7,PRI_PRD
8,7,PVEM_PT_MORENA
8,7,PVEM_PT
8,7,PVEM_MORENA
8,7,PT_MORENA
8,8,PAN
8,8,PRI
8,8,PRD
8,8,PVEM
8,8,PT
8,8,MC
8,8,MORENA
8,8,PAN_PRI_PRD
8,8,PAN_PRI
8,8,PAN_PRD
8,8,PRI_PRD
8,8,PVEM_PT_MORENA
8,8,PVEM_PT
8,8,PVEM_MORENA
8,8,PT_MORENA
8,9,PAN
8,9,PRI
8,9,PRD
8,9,PVEM
8,9,PT
8,9,MC
8,9,MORENA
8,9,PAN_PRI_PRD
8,9,PAN_PRI
8,9,PAN_PRD
8,9,PRI_PRD
8,9,PVEM_PT_MORENA
8,9,PVEM_PT
8,9,PVEM_MORENA
8,9,PT_MORENA
9,1,PAN
9,1,PRI
9,1,PRD
9,1,PVEM
9,1,PT
9,1,MC
9,1,MORENA
9,1,PAN_PRI_PRD
9,1,PAN_PRI
9,1,PAN_PRD
9,1,PRI_PRD
9,1,PVEM_PT_MORENA
9,1,PVEM_PT
9,1,PVEM_MORENA
9,1,PT_MORENA
9,2,PAN
9,2,PRI
9,2,PRD
9,2,PVEM
9,2,PT
9,2,MC
9,2,MORENA
9,2,PAN_PRI_PRD
9,2,PAN_PRI
9,2,PAN_PRD
9,2,PRI_PRD
9,2,PVEM_PT_MORENA
9,2,PVEM_PT
9,2,PVEM_MORENA
9,2,PT_MORENA
9,3,PAN
9,3,PRI
9,3,PRD
9,3,PVEM
9,3,PT
9,3,MC
9,3,MORENA
9,3,PAN_PRI_PRD
9,3,PAN_PRI
9,3,PAN_PRD
9,3,PRI_PRD
9,3,PVEM_PT_MORENA
9,3,PVEM_PT
9,3,PVEM_MORENA
9,3,PT_MORENA
9,4,PAN
9,4,PRI
9,4,PRD
9,4,PVEM
9,4,PT
9,4,MC
9,4,MORENA
9,4,PAN_PRI_PRD
9,4,PAN_PRI
9,4,PAN_PRD
9,4,PRI_PRD
9,4,PVEM_PT_MORENA
9,4,PVEM_PT
9,4,PVEM_MORENA
9,4,PT_MORENA
9,5,PAN
9,5,PRI
9,5,PRD
9,5,PVEM
9,5,PT
9,5,MC
9,5,MORENA
9,5,PAN_PRI_PRD
9,5,PAN_PRI
9,5,PAN_PRD
9,5,PRI_PRD
9,5,PVEM_PT_MORENA
9,5,PVEM_PT
9,5,PVEM_MORENA
9,5,PT_MORENA
9,6,PAN
9,6,PRI
9,6,PRD
9,6,PVEM
9,6,PT
9,6,MC
9,6,MORENA
9,6,PAN_PRI_PRD
9,6,PAN_PRI
9,6,PAN_PRD
9,6,PRI_PRD
9,6,PVEM_PT_MORENA
9,6,PVEM_PT
9,6,PVEM_MORENA
9,6,PT_MORENA
9,7,PAN
9,7,PRI
9,7,PRD
9,7,PVEM
9,7,PT
9,7,MC
9,7,MORENA
9,7,PAN_PRI_PRD
9,7,PAN_PRI
9,7,PAN_PRD
9,7,PRI_PRD
9,7,PVEM_PT_MORENA
9,7,PVEM_PT
9,7,PVEM_MORENA
9,7,PT_MORENA
9,8,PAN
9,8,PRI
9,8,PRD
9,8,PVEM
9,8,PT
9,8,MC
9,8,MORENA
9,8,PAN_PRI_PRD
9,8,PAN_PRI
9,8,PAN_PRD
9,8,PRI_PRD
9,8,PVEM_PT_MORENA
9,8,PVEM_PT
9,8,PVEM_MORENA
9,8,PT_MORENA
9,9,PAN
9,9,PRI
9,9,PRD
9,9,PVEM
9,9,PT
9,9,MC
9,9,MORENA
9,9,PAN_PRI_PRD
9,9,PAN_PRI
9,9,PAN_PRD
9,9,PRI_PRD
9,9,PVEM_PT_MORENA
9,9,PVEM_PT
9,9,PVEM_MORENA
9,9,PT_MORENA
9,10,PAN
9,10,PRI
9,10,PRD
9,10,PVEM
9,10,PT
9,10,MC
9,10,MORENA
9,10,PAN_PRI_PRD
9,10,PAN_PRI
9,10,PAN_PRD
9,10,PRI_PRD
9,10,PVEM_PT_MORENA
9,10,PVEM_PT
9,10,PVEM_MORENA
9,10,PT_MORENA
9,11,PAN
9,11,PRI
9,11,PRD
9,11,PVEM
9,11,PT
9,11,MC
9,11,MORENA
9,11,PAN_PRI_PRD
9,11,PAN_PRI
9,11,PAN_PRD
9,11,PRI_PRD
9,11,PVEM_PT_MORENA
9,11,PVEM_PT
9,11,PVEM_MORENA
9,11,PT_MORENA
9,12,PAN
9,12,PRI
9,12,PRD
9,12,PVEM
9,12,PT
9,12,MC
9,12,MORENA
9,12,PAN_PRI_PRD
9,12,PAN_PRI
9,12,PAN_PRD
9,12,PRI_PRD
9,12,PVEM_PT_MORENA
9,12,PVEM_PT
9,12,PVEM_MORENA
9,12,PT_MORENA
9,13,PAN
9,13,PRI
9,13,PRD
9,13,PVEM
9,13,PT
9,13,MC
9,13,MORENA
9,13,PAN_PRI_PRD
9,13,PAN_PRI
9,13,PAN_PRD
9,13,PRI_PRD
9,13,PVEM_PT_MORENA
9,13,PVEM_PT
9,13,PVEM_MORENA
9,13,PT_MORENA
9,14,PAN
9,14,PRI
9,14,PRD
9,14,PVEM
9,14,PT
9,14,MC
9,14,MORENA
9,14,PAN_PRI_PRD
9,14,PAN_PRI
9,14,PAN_PRD
9,14,PRI_PRD
9,14,PVEM_PT_MORENA
9,14,PVEM_PT
9,14,PVEM_MORENA
9,14,PT_MORENA
9,15,PAN
9,15,PRI
9,15,PRD
9,15,PVEM
9,15,PT
9,15,MC
9,15,MORENA
9,15,PAN_PRI_PRD
9,15,PAN_PRI
9,15,PAN_PRD
9,15,PRI_PRD
9,15,PVEM_PT_MORENA
9,15,PVEM_PT
9,15,PVEM_MORENA
9,15,PT_MORENA
9,16,PAN
9,16,PRI
9,16,PRD
9,16,PVEM
9,16,PT
9,16,MC
9,16,MORENA
9,16,PAN_PRI_PRD
9,16,PAN_PRI
9,16,PAN_PRD
9,16,PRI_PRD
9,16,PVEM_PT_MORENA
9,16,PVEM_PT
9,16,PVEM_MORENA
9,16,PT_MORENA
9,17,PAN
9,17,PRI
9,17,PRD
9,17,PVEM
9,17,PT
9,17,MC
9,17,MORENA
9,17,PAN_PRI_PRD
9,17,PAN_PRI
9,17,PAN_PRD
9,17,PRI_PRD
9,17,PVEM_PT_MORENA
9,17,PVEM_PT
9,17,PVEM_MORENA
9,17,PT_MORENA
9,18,PAN
9,18,PRI
9,18,PRD
9,18,PVEM
9,18,PT
9,18,MC
9,18,MORENA
9,18,PAN_PRI_PRD
9,18,PAN_PRI
9,18,PAN_PRD
9,18,PRI_PRD
9,18,PVEM_PT_MORENA
9,18,PVEM_PT
9,18,PVEM_MORENA
9,18,PT_MORENA
9,19,PAN
9,19,PRI
9,19,PRD
9,19,PVEM
9,19,PT
9,19,MC
9,19,MORENA
9,19,PAN_PRI_PRD
9,19,PAN_PRI
9,19,PAN_PRD
9,19,PRI_PRD
9,19,PVEM_PT_MORENA
9,19,PVEM_PT
9,19,PVEM_MORENA
9,19,PT_MORENA
9,20,PAN
9,20,PRI
9,20,PRD
9,20,PVEM
9,20,PT
9,20,MC
9,20,MORENA
9,20,PAN_PRI_PRD
9,20,PAN_PRI
9,20,PAN_PRD
9,20,PRI_PRD
9,20,PVEM_PT_MORENA
9,20,PVEM_PT
9,20,PVEM_MORENA
9,20,PT_MORENA
9,21,PAN
9,21,PRI
9,21,PRD
9,21,PVEM
9,21,PT
9,21,MC
9,21,MORENA
9,21,PAN_PRI_PRD
9,21,PAN_PRI
9,21,PAN_PRD
9,21,PRI_PRD
9,21,PVEM_PT_MORENA
9,21,PVEM_PT
9,21,PVEM_MORENA
9,21,PT_MORENA
9,22,PAN
9,22,PRI
9,22,PRD
9,22,PVEM
9,22,PT
9,22,MC
9,22,MORENA
9,22,PAN_PRI_PRD
9,22,PAN_PRI
9,22,PAN_PRD
9,22,PRI_PRD
9,22,PVEM_PT_MORENA
9,22,PVEM_PT
9,22,PVEM_MORENA
9,22,PT_MORENA
10,1,PAN
10,1,PRI
10,1,PRD
10,1,PVEM
10,1,PT
10,1,MC
10,1,MORENA
10,1,PAN_PRI_PRD
10,1,PAN_PRI
10,1,PAN_PRD
10,1,PRI_PRD
10,1,PVEM_PT_MORENA
10,1,PVEM_PT
10,1,PVEM_MORENA
10,1,PT_MORENA
10,2,PAN
10,2,PRI
10,2,PRD
10,2,PVEM
10,2,PT
10,2,MC
10,2,MORENA
10,2,PAN_PRI_PRD
10,2,PAN_PRI
10,2,PAN_PRD
10,2,PRI_PRD
10,2,PVEM_PT_MORENA
10,2,PVEM_PT
10,2,PVEM_MORENA
10,2,PT_MORENA
10,3,PAN
10,3,PRI
10,3,PRD
10,3,PVEM
10,3,PT
10,3,MC
10,3,MORENA
10,3,PAN_PRI_PRD
10,3,PAN_PRI
10,3,PAN_PRD
10,3,PRI_PRD
10,3,PVEM_PT_MORENA
10,3,PVEM_PT
10,3,PVEM_MORENA
10,3,PT_MORENA
10,4,PAN
10,4,PRI
10,4,PRD
10,4,PVEM
10,4,PT
10,4,MC
10,4,MORENA
10,4,PAN_PRI_PRD
10,4,PAN_PRI
10,4,PAN_PRD
10,4,PRI_PRD
10,4,PVEM_PT_MORENA
10,4,PVEM_PT
10,4,PVEM_MORENA
10,4,PT_MORENA
11,1,PAN
11,1,PRI
11,1,PRD
11,1,PVEM
11,1,PT
11,1,MC
11,1,MORENA
11,1,PAN_PRI_PRD
11,1,PAN_PRI
11,1,PAN_PRD
11,1,PRI_PRD
11,1,PVEM_PT_MORENA
11,1,PVEM_PT
11,1,PVEM_MORENA
11,1,PT_MORENA
11,2,PAN
11,2,PRI
11,2,PRD
11,2,PVEM
11,2,PT
11,2,MC
11,2,MORENA
11,2,PAN_PRI_PRD
11,2,PAN_PRI
11,2,PAN_PRD
11,2,PRI_PRD
11,2,PVEM_PT_MORENA
11,2,PVEM_PT
11,2,PVEM_MORENA
11,2,PT_MORENA
11,3,PAN
11,3,PRI
11,3,PRD
11,3,PVEM
11,3,PT
11,3,MC
11,3,MORENA
11,3,PAN_PRI_PRD
11,3,PAN_PRI
11,3,PAN_PRD
11,3,PRI_PRD
11,3,PVEM_PT_MORENA
11,3,PVEM_PT
11,3,PVEM_MORENA
11,3,PT_MORENA
11,4,PAN
11,4,PRI
11,4,PRD
11,4,PVEM
11,4,PT
11,4,MC
11,4,MORENA
11,4,PVEM_PT_MORENA
11,4,PVEM_PT
11,4,PVEM_MORENA
11,4,PT_MORENA
11,5,PAN
11,5,PRI
11,5,PRD
11,5,PVEM
11,5,PT
11,5,MC
11,5,MORENA
11,5,PAN_PRI_PRD
11,5,PAN_PRI
11,5,PAN_PRD
11,5,PRI_PRD
11,5,PVEM_PT_MORENA
11,5,PVEM_PT
11,5,PVEM_MORENA
11,5,PT_MORENA
11,6,PAN
11,6,PRI
11,6,PRD
11,6,PVEM
11,6,PT
11,6,MC
11,6,MORENA
11,6,PVEM_PT_MORENA
11,6,PVEM_PT
11,6,PVEM_MORENA
11,6,PT_MORENA
11,7,PAN
11,7,PRI
11,7,PRD
11,7,PVEM
11,7,PT
11,7,MC
11,7,MORENA
11,7,PAN_PRI_PRD
11,7,PAN_PRI
11,7,PAN_PRD
11,7,PRI_PRD
11,7,PVEM_PT_MORENA
11,7,PVEM_PT
11,7,PVEM_MORENA
11,7,PT_MORENA
11,8,PAN
11,8,PRI
11,8,PRD
11,8,PVEM
11,8,PT
11,8,MC
11,8,MORENA
11,8,PAN_PRI_PRD
11,8,PAN_PRI
11,8,PAN_PRD
11,8,PRI_PRD
11,8,PVEM_PT_MORENA
11,8,PVEM_PT
11,8,PVEM_MORENA
11,8,PT_MORENA
11,9,PAN
11,9,PRI
11,9,PRD
11,9,PVEM
11,9,PT
11,9,MC
11,9,MORENA
11,9,PAN_PRI_PRD
11,9,PAN_PRI
11,9,PAN_PRD
11,9,PRI_PRD
11,9,PVEM_PT_MORENA
11,9,PVEM_PT
11,9,PVEM_MORENA
11,9,PT_MORENA
11,10,PAN
11,10,PRI
11,10,PRD
11,10,PVEM
11,10,PT
11,10,MC
11,10,MORENA
11,10,PAN_PRI_PRD
11,10,PAN_PRI
11,10,PAN_PRD
11,10,PRI_PRD
11,10,PVEM_PT_MORENA
11,10,PVEM_PT
11,10,PVEM_MORENA
11,10,PT_MORENA
11,11,PAN
11,11,PRI
11,11,PRD
11,11,PVEM
11,11,PT
11,11,MC
11,11,MORENA
11,11,PVEM_PT_MORENA
11,11,PVEM_PT
11,11,PVEM_MORENA
11,11,PT_MORENA
11,12,PAN
11,12,PRI
11,12,PRD
11,12,PVEM
11,12,PT
11,12,MC
11,12,MORENA
11,12,PAN_PRI_PRD
11,12,PAN_PRI
11,12,PAN_PRD
11,12,PRI_PRD
11,12,PVEM_PT_MORENA
11,12,PVEM_PT
11,12,PVEM_MORENA
11,12,PT_MORENA
11,13,PAN
11,13,PRI
11,13,PRD
11,13,PVEM
11,13,PT
11,13,MC
11,13,MORENA
11,13,PAN_PRI_PRD
11,13,PAN_PRI
11,13,PAN_PRD
11,13,PRI_PRD
11,13,PVEM_PT_MORENA
11,13,PVEM_PT
11,13,PVEM_MORENA
11,13,PT_MORENA
11,14,PAN
11,14,PRI
11,14,PRD
11,14,PVEM
11,14,PT
11,14,MC
11,14,MORENA
11,14,PAN_PRI_PRD
11,14,PAN_PRI
11,14,PAN_PRD
11,14,PRI_PRD
11,14,PVEM_PT_MORENA
11,14,PVEM_PT
11,14,PVEM_MORENA
11,14,PT_MORENA
11,15,PAN
11,15,PRI
11,15,PRD
11,15,PVEM
11,15,PT
11,15,MC
11,15,MORENA
11,15,PAN_PRI_PRD
11,15,PAN_PRI
11,15,PAN_PRD
11,15,PRI_PRD
11,15,PVEM_PT_MORENA
11,15,PVEM_PT
11,15,PVEM_MORENA
11,15,PT_MORENA
12,1,PAN
12,1,PRI
12,1,PRD
12,1,PVEM
12,1,PT
12,1,MC
12,1,MORENA
12,1,PAN_PRI_PRD
12,1,PAN_PRI
12,1,PAN_PRD
12,1,PRI_PRD
12,1,PVEM_PT_MORENA
12,1,PVEM_PT
12,1,PVEM_MORENA
12,1,PT_MORENA
12,2,PAN
12,2,PRI
12,2,PRD
12,2,PVEM
12,2,PT
12,2,MC
12,2,MORENA
12,2,PAN_PRI_PRD
12,2,PAN_PRI
12,2,PAN_PRD
12,2,PRI_PRD
12,2,PVEM_PT_MORENA
12,2,PVEM_PT
12,2,PVEM_MORENA
12,2,PT_MORENA
12,3,PAN
12,3,PRI
12,3,PRD
12,3,PVEM
12,3,PT
12,3,MC
12,3,MORENA
12,3,PAN_PRI_PRD
12,3,PAN_PRI
12,3,PAN_PRD
12,3,PRI_PRD
12,3,PVEM_PT_MORENA
12,3,PVEM_PT
12,3,PVEM_MORENA
12,3,PT_MORENA
12,4,PAN
12,4,PRI
12,4,PRD
12,4,PVEM
12,4,PT
12,4,MC
12,4,MORENA
12,4,PAN_PRI_PRD
12,4,PAN_PRI
12,4,PAN_PRD
12,4,PRI_PRD
12,4,PVEM_PT_MORENA
12,4,PVEM_PT
12,4,PVEM_MORENA
12,4,PT_MORENA
12,5,PAN
12,5,PRI
12,5,PRD
12,5,PVEM
12,5,PT
12,5,MC
12,5,MORENA
12,5,PAN_PRI_PRD
12,5,PAN_PRI
12,5,PAN_PRD
12,5,PRI_PRD
12,5,PVEM_PT_MORENA
12,5,PVEM_PT
12,5,PVEM_MORENA
12,5,PT_MORENA
12,6,PAN
12,6,PRI
12,6,PRD
12,6,PVEM
12,6,PT
12,6,MC
12,6,MORENA
12,6,PAN_PRI_PRD
12,6,PAN_PRI
12,6,PAN_PRD
12,6,PRI_PRD
12,6,PVEM_PT_MORENA
12,6,PVEM_PT
12,6,PVEM_MORENA
12,6,PT_MORENA
12,7,PAN
12,7,PRI
12,7,PRD
12,7,PVEM
12,7,PT
12,7,MC
12,7,MORENA
12,7,PAN_PRI_PRD
12,7,PAN_PRI
12,7,PAN_PRD
12,7,PRI_PRD
12,7,PVEM_PT_MORENA
12,7,PVEM_PT
12,7,PVEM_MORENA
12,7,PT_MORENA
12,8,PAN
12,8,PRI
12,8,PRD
12,8,PVEM
12,8,PT
12,8,MC
12,8,MORENA
12,8,PAN_PRI_PRD
12,8,PAN_PRI
12,8,PAN_PRD
12,8,PRI_PRD
12,8,PVEM_PT_MORENA
12,8,PVEM_PT
12,8,PVEM_MORENA
12,8,PT_MORENA
13,1,PAN
13,1,PRI
13,1,PRD
13,1,PVEM
13,1,PT
13,1,MC
13,1,MORENA
13,1,PAN_PRI_PRD
13,1,PAN_PRI
13,1,PAN_PRD
13,1,PRI_PRD
13,2,PAN
13,2,PRI
13,2,PRD
13,2,PVEM
13,2,PT
13,2,MC
13,2,MORENA
13,2,PAN_PRI_PRD
13,2,PAN_PRI
13,2,PAN_PRD
13,2,PRI_PRD
13,2,PVEM_PT_MORENA
13,2,PVEM_PT
13,2,PVEM_MORENA
13,2,PT_MORENA
13,3,PAN
13,3,PRI
13,3,PRD
13,3,PVEM
13,3,PT
13,3,MC
13,3,MORENA
13,3,PAN_PRI_PRD
13,3,PAN_PRI
13,3,PAN_PRD
13,3,PRI_PRD
13,4,PAN
13,4,PRI
13,4,PRD
13,4,PVEM
13,4,PT
13,4,MC
13,4,MORENA
13,4,PAN_PRI_PRD
13,4,PAN_PRI
13,4,PAN_PRD
13,4,PRI_PRD
13,5,PAN
13,5,PRI
13,5,PRD
13,5,PVEM
13,5,PT
13,5,MC
13,5,MORENA
13,5,PAN_PRI_PRD
13,5,PAN_PRI
13,5,PAN_PRD
13,5,PRI_PRD
13,6,PAN
13,6,PRI
13,6,PRD
13,6,PVEM
13,6,PT
13,6,MC
13,6,MORENA
13,6,PAN_PRI_PRD
13,6,PAN_PRI
13,6,PAN_PRD
13,6,PRI_PRD
13,7,PAN
13,7,PRI
13,7,PRD
13,7,PVEM
13,7,PT
13,7,MC
13,7,MORENA
13,7,PAN_PRI_PRD
13,7,PAN_PRI
13,7,PAN_PRD
13,7,PRI_PRD
14,1,PAN
14,1,PRI
14,1,PRD
14,1,PVEM
14,1,PT
14,1,MC
14,1,MORENA
14,1,PAN_PRI_PRD
14,1,PAN_PRI
14,1,PAN_PRD
14,1,PRI_PRD
14,1,PVEM_PT_MORENA
14,1,PVEM_PT
14,1,PVEM_MORENA
14,1,PT_MORENA
14,2,PAN
14,2,PRI
14,2,PRD
14,2,PVEM
14,2,PT
14,2,MC
14,2,MORENA
14,2,PAN_PRI_PRD
14,2,PAN_PRI
14,2,PAN_PRD
14,2,PRI_PRD
14,2,PVEM_PT_MORENA
14,2,PVEM_PT
14,2,PVEM_MORENA
14,2,PT_MORENA
14,3,PAN
14,3,PRI
14,3,PRD
14,3,PVEM
14,3,PT
14,3,MC
14,3,MORENA
14,3,PAN_PRI_PRD
14,3,PAN_PRI
14,3,PAN_PRD
14,3,PRI_PRD
14,4,PAN
14,4,PRI
14,4,PRD
14,4,PVEM
14,4,PT
14,4,MC
14,4,MORENA
14,4,PAN_PRI_PRD
14,4,PAN_PRI
14,4,PAN_PRD
14,4,PRI_PRD
14,4,PVEM_PT_MORENA
14,4,PVEM_PT
14,4,PVEM_MORENA
14,4,PT_MORENA
14,5,PAN
14,5,PRI
14,5,PRD
14,5,PVEM
14,5,PT
14,5,MC
14,5,MORENA
14,5,PAN_PRI_PRD
14,5,PAN_PRI
14,5,PAN_PRD
14,5,PRI_PRD
14,6,PAN
14,6,PRI
14,6,PRD
14,6,PVEM
14,6,PT
14,6,MC
14,6,MORENA
14,6,PAN_PRI_PRD
14,6,PAN_PRI
14,6,PAN_PRD
14,6,PRI_PRD
14,6,PVEM_PT_MORENA
14,6,PVEM_PT
14,6,PVEM_MORENA
14,6,PT_MORENA
14,7,PAN
14,7,PRI
14,7,PRD
14,7,PVEM
14,7,PT
14,7,MC
14,7,MORENA
14,7,PAN_PRI_PRD
14,7,PAN_PRI
14,7,PAN_PRD
14,7,PRI_PRD
14,7,PVEM_PT_MORENA
14,7,PVEM_PT
14,7,PVEM_MORENA
14,7,PT_MORENA
14,8,PAN
14,8,PRI
14,8,PRD
14,8,PVEM
14,8,PT
14,8,MC
14,8,MORENA
14,8,PAN_PRI_PRD
14,8,PAN_PRI
14,8,PAN_PRD
14,8,PRI_PRD
14,8,PVEM_PT_MORENA
14,8,PVEM_PT
14,8,PVEM_MORENA
14,8,PT_MORENA
14,9,PAN
14,9,PRI
14,9,PRD
14,9,PVEM
14,9,PT
14,9,MC
14,9,MORENA
14,9,PAN_PRI_PRD
14,9,PAN_PRI
14,9,PAN_PRD
14,9,PRI_PRD
14,9,PVEM_PT_MORENA
14,9,PVEM_PT
14,9,PVEM_MORENA
14,9,PT_MORENA
14,10,PAN
14,10,PRI
14,10,PRD
14,10,PVEM
14,10,PT
14,10,MC
14,10,MORENA
14,10,PAN_PRI_PRD
14,10,PAN_PRI
14,10,PAN_PRD
14,10,PRI_PRD
14,10,PVEM_PT_MORENA
14,10,PVEM_PT
14,10,PVEM_MORENA
14,10,PT_MORENA
14,11,PAN
14,11,PRI
14,11,PRD
14,11,PVEM
14,11,PT
14,11,MC
14,11,MORENA
14,11,PAN_PRI_PRD
14,11,PAN_PRI
14,11,PAN_PRD
14,11,PRI_PRD
14,11,PVEM_PT_MORENA
14,11,PVEM_PT
14,11,PVEM_MORENA
14,11,PT_MORENA
14,12,PAN
14,12,PRI
14,12,PRD
14,12,PVEM
14,12,PT
14,12,MC
14,12,MORENA
14,12,PAN_PRI_PRD
14,12,PAN_PRI
14,12,PAN_PRD
14,12,PRI_PRD
14,12,PVEM_PT_MORENA
14,12,PVEM_PT
14,12,PVEM_MORENA
14,12,PT_MORENA
14,13,PAN
14,13,PRI
14,13,PRD
14,13,PVEM
14,13,PT
14,13,MC
14,13,MORENA
14,13,PAN_PRI_PRD
14,13,PAN_PRI
14,13,PAN_PRD
14,13,PRI_PRD
14,13,PVEM_PT_MORENA
14,13,PVEM_PT
14,13,PVEM_MORENA
14,13,PT_MORENA
14,14,PAN
14,14,PRI
14,14,PRD
14,14,PVEM
14,14,PT
14,14,MC
14,14,MORENA
14,14,PAN_PRI_PRD
14,14,PAN_PRI
14,14,PAN_PRD
14,14,PRI_PRD
14,14,PVEM_PT_MORENA
14,14,PVEM_PT
14,14,PVEM_MORENA
14,14,PT_MORENA
14,15,PAN
14,15,PRI
14,15,PRD
14,15,PVEM
14,15,PT
14,15,MC
14,15,MORENA
14,15,PAN_PRI_PRD
14,15,PAN_PRI
14,15,PAN_PRD
14,15,PRI_PRD
14,15,PVEM_PT_MORENA
14,15,PVEM_PT
14,15,PVEM_MORENA
14,15,PT_MORENA
14,16,PAN
14,16,PRI
14,16,PRD
14,16,PVEM
14,16,PT
14,16,MC
14,16,MORENA
14,16,PAN_PRI_PRD
14,16,PAN_PRI
14,16,PAN_PRD
14,16,PRI_PRD
14,16,PVEM_PT_MORENA
14,16,PVEM_PT
14,16,PVEM_MORENA
14,16,PT_MORENA
14,17,PAN
14,17,PRI
14,17,PRD
14,17,PVEM
14,17,PT
14,17,MC
14,17,MORENA
14,17,PAN_PRI_PRD
14,17,PAN_PRI
14,17,PAN_PRD
14,17,PRI_PRD
14,17,PVEM_PT_MORENA
14,17,PVEM_PT
14,17,PVEM_MORENA
14,17,PT_MORENA
14,18,PAN
14,18,PRI
14,18,PRD
14,18,PVEM
14,18,PT
14,18,MC
14,18,MORENA
14,18,PAN_PRI_PRD
14,18,PAN_PRI
14,18,PAN_PRD
14,18,PRI_PRD
14,18,PVEM_PT_MORENA
14,18,PVEM_PT
14,18,PVEM_MORENA
14,18,PT_MORENA
14,19,PAN
14,19,PRI
14,19,PRD
14,19,PVEM
14,19,PT
14,19,MC
14,19,MORENA
14,19,PAN_PRI_PRD
14,19,PAN_PRI
14,19,PAN_PRD
14,19,PRI_PRD
14,19,PVEM_PT_MORENA
14,19,PVEM_PT
14,19,PVEM_MORENA
14,19,PT_MORENA
14,20,PAN
14,20,PRI
14,20,PRD
14,20,PVEM
14,20,PT
14,20,MC
14,20,MORENA
14,20,PAN_PRI_PRD
14,20,PAN_PRI
14,20,PAN_PRD
14,20,PRI_PRD
14,20,PVEM_PT_MORENA
14,20,PVEM_PT
14,20,PVEM_MORENA
14,20,PT_MORENA
15,1,PAN
15,1,PRI
15,1,PRD
15,1,PVEM
15,1,PT
15,1,MC
15,1,MORENA
15,1,PAN_PRI_PRD
15,1,PAN_PRI
15,1,PAN_PRD
15,1,PRI_PRD
15,1,PVEM_PT_MORENA
15,1,PVEM_PT
15,1,PVEM_MORENA
15,1,PT_MORENA
15,2,PAN
15,2,PRI
15,2,PRD
15,2,PVEM
15,2,PT
15,2,MC
15,2,MORENA
15,2,PAN_PRI_PRD
15,2,PAN_PRI
15,2,PAN_PRD
15,2,PRI_PRD
15,2,PVEM_PT_MORENA
15,2,PVEM_PT
15,2,PVEM_MORENA
15,2,PT_MORENA
15,3,PAN
15,3,PRI
15,3,PRD
15,3,PVEM
15,3,PT
15,3,MC
15,3,MORENA
15,3,PAN_PRI_PRD
15,3,PAN_PRI
15,3,PAN_PRD
15,3,PRI_PRD
15,3,PVEM_PT_MORENA
15,3,PVEM_PT
15,3,PVEM_MORENA
15,3,PT_MORENA
15,4,PAN
15,4,PRI
15,4,PRD
15,4,PVEM
15,4,PT
15,4,MC
15,4,MORENA
15,4,PAN_PRI_PRD
15,4,PAN_PRI
15,4,PAN_PRD
15,4,PRI_PRD
15,4,PVEM_PT_MORENA
15,4,PVEM_PT
15,4,PVEM_MORENA
15,4,PT_MORENA
15,5,PAN
15,5,PRI
15,5,PRD
15,5,PVEM
15,5,PT
15,5,MC
15,5,MORENA
15,5,PAN_PRI_PRD
15,5,PAN_PRI
15,5,PAN_PRD
15,5,PRI_PRD
15,5,PVEM_PT_MORENA
15,5,PVEM_PT
15,5,PVEM_MORENA
15,5,PT_MORENA
15,6,PAN
15,6,PRI
15,6,PRD
15,6,PVEM
15,6,PT
15,6,MC
15,6,MORENA
15,6,PAN_PRI_PRD
15,6,PAN_PRI
15,6,PAN_PRD
15,6,PRI_PRD
15,6,PVEM_PT_MORENA
15,6,PVEM_PT
15,6,PVEM_MORENA
15,6,PT_MORENA
15,7,PAN
15,7,PRI
15,7,PRD
15,7,PVEM
15,7,PT
15,7,MC
15,7,MORENA
15,7,PAN_PRI_PRD
15,7,PAN_PRI
15,7,PAN_PRD
15,7,PRI_PRD
15,7,PVEM_PT_MORENA
15,7,PVEM_PT
15,7,PVEM_MORENA
15,7,PT_MORENA
15,8,PAN
15,8,PRI
15,8,PRD
15,8,PVEM
15,8,PT
15,8,MC
15,8,MORENA
15,8,PAN_PRI_PRD
15,8,PAN_PRI
15,8,PAN_PRD
15,8,PRI_PRD
15,8,PVEM_PT_MORENA
15,8,PVEM_PT
15,8,PVEM_MORENA
15,8,PT_MORENA
15,9,PAN
15,9,PRI
15,9,PRD
15,9,PVEM
15,9,PT
15,9,MC
15,9,MORENA
15,9,PAN_PRI_PRD
15,9,PAN_PRI
15,9,PAN_PRD
15,9,PRI_PRD
15,9,PVEM_PT_MORENA
15,9,PVEM_PT
15,9,PVEM_MORENA
15,9,PT_MORENA
15,10,PAN
15,10,PRI
15,10,PRD
15,10,PVEM
15,10,PT
15,10,MC
15,10,MORENA
15,10,PAN_PRI_PRD
15,10,PAN_PRI
15,10,PAN_PRD
15,10,PRI_PRD
15,10,PVEM_PT_MORENA
15,10,PVEM_PT
15,10,PVEM_MORENA
15,10,PT_MORENA
15,11,PAN
15,11,PRI
15,11,PRD
15,11,PVEM
15,11,PT
15,11,MC
15,11,MORENA
15,11,PAN_PRI_PRD
15,11,PAN_PRI
15,11,PAN_PRD
15,11,PRI_PRD
15,12,PAN
15,12,PRI
15,12,PRD
15,12,PVEM
15,12,PT
15,12,MC
15,12,MORENA
15,12,PAN_PRI_PRD
15,12,PAN_PRI
15,12,PAN_PRD
15,12,PRI_PRD
15,12,PVEM_PT_MORENA
15,12,PVEM_PT
15,12,PVEM_MORENA
15,12,PT_MORENA
15,13,PAN
15,13,PRI
15,13,PRD
15,13,PVEM
15,13,PT
15,13,MC
15,13,MORENA
15,13,PAN_PRI_PRD
15,13,PAN_PRI
15,13,PAN_PRD
15,13,PRI_PRD
15,14,PAN
15,14,PRI
15,14,PRD
15,14,PVEM
15,14,PT
15,14,MC
15,14,MORENA
15,14,PAN_PRI_PRD
15,14,PAN_PRI
15,14,PAN_PRD
15,14,PRI_PRD
15,14,PVEM_PT_MORENA
15,14,PVEM_PT
15,14,PVEM_MORENA
15,14,PT_MORENA
15,15,PAN
15,15,PRI
15,15,PRD
15,15,PVEM
15,15,PT
15,15,MC
15,15,MORENA
15,15,PAN_PRI_PRD
15,15,PAN_PRI
15,15,PAN_PRD
15,15,PRI_PRD
15,15,PVEM_PT_MORENA
15,15,PVEM_PT
15,15,PVEM_MORENA
15,15,PT_MORENA
15,16,PAN
15,16,PRI
15,16,PRD
15,16,PVEM
15,16,PT
15,16,MC
15,16,MORENA
15,16,PAN_PRI_PRD
15,16,PAN_PRI
15,16,PAN_PRD
15,16,PRI_PRD
15,16,PVEM_PT_MORENA
15,16,PVEM_PT
15,16,PVEM_MORENA
15,16,PT_MORENA
15,17,PAN
15,17,PRI
15,17,PRD
15,17,PVEM
15,17,PT
15,17,MC
15,17,MORENA
15,17,PAN_PRI_PRD
15,17,PAN_PRI
15,17,PAN_PRD
15,17,PRI_PRD
15,18,PAN
15,18,PRI
15,18,PRD
15,18,PVEM
15,18,PT
15,18,MC
15,18,MORENA
15,18,PAN_PRI_PRD
15,18,PAN_PRI
15,18,PAN_PRD
15,18,PRI_PRD
15,18,PVEM_PT_MORENA
15,18,PVEM_PT
15,18,PVEM_MORENA
15,18,PT_MORENA
15,19,PAN
15,19,PRI
15,19,PRD
15,19,PVEM
15,19,PT
15,19,MC
15,19,MORENA
15,19,PAN_PRI_PRD
15,19,PAN_PRI
15,19,PAN_PRD
15,19,PRI_PRD
15,19,PVEM_PT_MORENA
15,19,PVEM_PT
15,19,PVEM_MORENA
15,19,PT_MORENA
15,20,PAN
15,20,PRI
15,20,PRD
15,20,PVEM
15,20,PT
15,20,MC
15,20,MORENA
15,20,PAN_PRI_PRD
15,20,PAN_PRI
15,20,PAN_PRD
15,20,PRI_PRD
15,20,PVEM_PT_MORENA
15,20,PVEM_PT
15,20,PVEM_MORENA
15,20,PT_MORENA
15,21,PAN
15,21,PRI
15,21,PRD
15,21,PVEM
15,21,PT
15,21,MC
15,21,MORENA
15,21,PAN_PRI_PRD
15,21,PAN_PRI
15,21,PAN_PRD
15,21,PRI_PRD
15,21,PVEM_PT_MORENA
15,21,PVEM_PT
15,21,PVEM_MORENA
15,21,PT_MORENA
15,22,PAN
15,22,PRI
15,22,PRD
15,22,PVEM
15,22,PT
15,22,MC
15,22,MORENA
15,22,PAN_PRI_PRD
15,22,PAN_PRI
15,22,PAN_PRD
15,22,PRI_PRD
15,22,PVEM_PT_MORENA
15,22,PVEM_PT
15,22,PVEM_MORENA
15,22,PT_MORENA
15,23,PAN
15,23,PRI
15,23,PRD
15,23,PVEM
15,23,PT
15,23,MC
15,23,MORENA
15,23,PAN_PRI_PRD
15,23,PAN_PRI
15,23,PAN_PRD
15,23,PRI_PRD
15,23,PVEM_PT_MORENA
15,23,PVEM_PT
15,23,PVEM_MORENA
15,23,PT_MORENA
15,24,PAN
15,24,PRI
15,24,PRD
15,24,PVEM
15,24,PT
15,24,MC
15,24,MORENA
15,24,PAN_PRI_PRD
15,24,PAN_PRI
15,24,PAN_PRD
15,24,PRI_PRD
15,24,PVEM_PT_MORENA
15,24,PVEM_PT
15,24,PVEM_MORENA
15,24,PT_MORENA
15,25,PAN
15,25,PRI
15,25,PRD
15,25,PVEM
15,25,PT
15,25,MC
15,25,MORENA
15,25,PVEM_PT_MORENA
15,25,PVEM_PT
15,25,PVEM_MORENA
15,25,PT_MORENA
15,26,PAN
15,26,PRI
15,26,PRD
15,26,PVEM
15,26,PT
15,26,MC
15,26,MORENA
15,26,PAN_PRI_PRD
15,26,PAN_PRI
15,26,PAN_PRD
15,26,PRI_PRD
15,26,PVEM_PT_MORENA
15,26,PVEM_PT
15,26,PVEM_MORENA
15,26,PT_MORENA
15,27,PAN
15,27,PRI
15,27,PRD
15,27,PVEM
15,27,PT
15,27,MC
15,27,MORENA
15,27,PAN_PRI_PRD
15,27,PAN_PRI
15,27,PAN_PRD
15,27,PRI_PRD
15,27,PVEM_PT_MORENA
15,27,PVEM_PT
15,27,PVEM_MORENA
15,27,PT_MORENA
15,28,PAN
15,28,PRI
15,28,PRD
15,28,PVEM
15,28,PT
15,28,MC
15,28,MORENA
15,28,PAN_PRI_PRD
15,28,PAN_PRI
15,28,PAN_PRD
15,28,PRI_PRD
15,28,PVEM_PT_MORENA
15,28,PVEM_PT
15,28,PVEM_MORENA
15,28,PT_MORENA
15,29,PAN
15,29,PRI
15,29,PRD
15,29,PVEM
15,29,PT
15,29,MC
15,29,MORENA
15,29,PAN_PRI_PRD
15,29,PAN_PRI
15,29,PAN_PRD
15,29,PRI_PRD
15,30,PAN
15,30,PRI
15,30,PRD
15,30,PVEM
15,30,PT
15,30,MC
15,30,MORENA
15,30,PAN_PRI_PRD
15,30,PAN_PRI
15,30,PAN_PRD
15,30,PRI_PRD
15,30,PVEM_PT_MORENA
15,30,PVEM_PT
15,30,PVEM_MORENA
15,30,PT_MORENA
15,31,PAN
15,31,PRI
15,31,PRD
15,31,PVEM
15,31,PT
15,31,MC
15,31,MORENA
15,31,PAN_PRI_PRD
15,31,PAN_PRI
15,31,PAN_PRD
15,31,PRI_PRD
15,32,PAN
15,32,PRI
15,32,PRD
15,32,PVEM
15,32,PT
15,32,MC
15,32,MORENA
15,32,PVEM_PT_MORENA
15,32,PVEM_PT
15,32,PVEM_MORENA
15,32,PT_MORENA
15,33,PAN
15,33,PRI
15,33,PRD
15,33,PVEM
15,33,PT
15,33,MC
15,33,MORENA
15,33,PAN_PRI_PRD
15,33,PAN_PRI
15,33,PAN_PRD
15,33,PRI_PRD
15,34,PAN
15,34,PRI
15,34,PRD
15,34,PVEM
15,34,PT
15,34,MC
15,34,MORENA
15,34,PAN_PRI_PRD
15,34,PAN_PRI
15,34,PAN_PRD
15,34,PRI_PRD
15,34,PVEM_PT_MORENA
15,34,PVEM_PT
15,34,PVEM_MORENA
15,34,PT_MORENA
15,35,PAN
15,35,PRI
15,35,PRD
15,35,PVEM
15,35,PT
15,35,MC
15,35,MORENA
15,35,PAN_PRI_PRD
15,35,PAN_PRI
15,35,PAN_PRD
15,35,PRI_PRD
15,35,PVEM_PT_MORENA
15,35,PVEM_PT
15,35,PVEM_MORENA
15,35,PT_MORENA
15,36,PAN
15,36,PRI
15,36,PRD
15,36,PVEM
15,36,PT
15,36,MC
15,36,MORENA
15,36,PAN_PRI_PRD
15,36,PAN_PRI
15,36,PAN_PRD
15,36,PRI_PRD
15,36,PVEM_PT_MORENA
15,36,PVEM_PT
15,36,PVEM_MORENA
15,36,PT_MORENA
15,37,PAN
15,37,PRI
15,37,PRD
15,37,PVEM
15,37,PT
15,37,MC
15,37,MORENA
15,37,PAN_PRI_PRD
15,37,PAN_PRI
15,37,PAN_PRD
15,37,PRI_PRD
15,37,PVEM_PT_MORENA
15,37,PVEM_PT
15,37,PVEM_MORENA
15,37,PT_MORENA
15,38,PAN
15,38,PRI
15,38,PRD
15,38,PVEM
15,38,PT
15,38,MC
15,38,MORENA
15,38,PAN_PRI_PRD
15,38,PAN_PRI
15,38,PAN_PRD
15,38,PRI_PRD
15,38,PVEM_PT_MORENA
15,38,PVEM_PT
15,38,PVEM_MORENA
15,38,PT_MORENA
15,39,PAN
15,39,PRI
15,39,PRD
15,39,PVEM
15,39,PT
15,39,MC
15,39,MORENA
15,39,PAN_PRI_PRD
15,39,PAN_PRI
15,39,PAN_PRD
15,39,PRI_PRD
15,39,PVEM_PT_MORENA
15,39,PVEM_PT
15,39,PVEM_MORENA
15,39,PT_MORENA
15,40,PAN
15,40,PRI
15,40,PRD
15,40,PVEM
15,40,PT
15,40,MC
15,40,MORENA
15,40,PAN_PRI_PRD
15,40,PAN_PRI
15,40,PAN_PRD
15,40,PRI_PRD
15,40,PVEM_PT_MORENA
15,40,PVEM_PT
15,40,PVEM_MORENA
15,40,PT_MORENA
16,1,PAN
16,1,PRI
16,1,PRD
16,1,PVEM
16,1,PT
16,1,MC
16,1,MORENA
16,1,PAN_PRI_PRD
16,1,PAN_PRI
16,1,PAN_PRD
16,1,PRI_PRD
16,2,PAN
16,2,PRI
16,2,PRD
16,2,PVEM
16,2,PT
16,2,MC
16,2,MORENA
16,2,PAN_PRI_PRD
16,2,PAN_PRI
16,2,PAN_PRD
16,2,PRI_PRD
16,2,PVEM_PT_MORENA
16,2,PVEM_PT
16,2,PVEM_MORENA
16,2,PT_MORENA
16,3,PAN
16,3,PRI
16,3,PRD
16,3,PVEM
16,3,PT
16,3,MC
16,3,MORENA
16,3,PAN_PRI_PRD
16,3,PAN_PRI
16,3,PAN_PRD
16,3,PRI_PRD
16,3,PVEM_PT_MORENA
16,3,PVEM_PT
16,3,PVEM_MORENA
16,3,PT_MORENA
16,4,PAN
16,4,PRI
16,4,PRD
16,4,PVEM
16,4,PT
16,4,MC
16,4,MORENA
16,4,PAN_PRI_PRD
16,4,PAN_PRI
16,4,PAN_PRD
16,4,PRI_PRD
16,4,PVEM_PT_MORENA
16,4,PVEM_PT
16,4,PVEM_MORENA
16,4,PT_MORENA
16,5,PAN
16,5,PRI
16,5,PRD
16,5,PVEM
16,5,PT
16,5,MC
16,5,MORENA
16,5,PAN_PRI_PRD
16,5,PAN_PRI
16,5,PAN_PRD
16,5,PRI_PRD
16,5,PVEM_PT_MORENA
16,5,PVEM_PT
16,5,PVEM_MORENA
16,5,PT_MORENA
16,6,PAN
16,6,PRI
16,6,PRD
16,6,PVEM
16,6,PT
16,6,MC
16,6,MORENA
16,6,PAN_PRI_PRD
16,6,PAN_PRI
16,6,PAN_PRD
16,6,PRI_PRD
16,6,PVEM_PT_MORENA
16,6,PVEM_PT
16,6,PVEM_MORENA
16,6,PT_MORENA
16,7,PAN
16,7,PRI
16,7,PRD
16,7,PVEM
16,7,PT
16,7,MC
16,7,MORENA
16,7,PAN_PRI_PRD
16,7,PAN_PRI
16,7,PAN_PRD
16,7,PRI_PRD
16,7,PVEM_PT_MORENA
16,7,PVEM_PT
16,7,PVEM_MORENA
16,7,PT_MORENA
16,8,PAN
16,8,PRI
16,8,PRD
16,8,PVEM
16,8,PT
16,8,MC
16,8,MORENA
16,8,PAN_PRI_PRD
16,8,PAN_PRI
16,8,PAN_PRD
16,8,PRI_PRD
16,8,PVEM_PT_MORENA
16,8,PVEM_PT
16,8,PVEM_MORENA
16,8,PT_MORENA
16,9,PAN
16,9,PRI
16,9,PRD
16,9,PVEM
16,9,PT
16,9,MC
16,9,MORENA
16,9,PAN_PRI_PRD
16,9,PAN_PRI
16,9,PAN_PRD
16,9,PRI_PRD
16,9,PVEM_PT_MORENA
16,9,PVEM_PT
16,9,PVEM_MORENA
16,9,PT_MORENA
16,9,CI_2
16,10,PAN
16,10,PRI
16,10,PRD
16,10,PVEM
16,10,PT
16,10,MC
16,10,MORENA
16,10,PAN_PRI_PRD
16,10,PAN_PRI
16,10,PAN_PRD
16,10,PRI_PRD
16,10,PVEM_PT_MORENA
16,10,PVEM_PT
16,10,PVEM_MORENA
16,10,PT_MORENA
16,11,PAN
16,11,PRI
16,11,PRD
16,11,PVEM
16,11,PT
16,11,MC
16,11,MORENA
16,11,PAN_PRI_PRD
16,11,PAN_PRI
16,11,PAN_PRD
16,11,PRI_PRD
16,11,PVEM_PT_MORENA
16,11,PVEM_PT
16,11,PVEM_MORENA
16,11,PT_MORENA
17,1,PAN
17,1,PRI
17,1,PRD
17,1,PVEM
17,1,PT
17,1,MC
17,1,MORENA
17,1,PAN_PRI_PRD
17,1,PAN_PRI
17,1,PAN_PRD
17,1,PRI_PRD
17,1,PVEM_PT_MORENA
17,1,PVEM_PT
17,1,PVEM_MORENA
17,1,PT_MORENA
17,2,PAN
17,2,PRI
17,2,PRD
17,2,PVEM
17,2,PT
17,2,MC
17,2,MORENA
17,2,PAN_PRI_PRD
17,2,PAN_PRI
17,2,PAN_PRD
17,2,PRI_PRD
17,2,PVEM_PT_MORENA
17,2,PVEM_PT
17,2,PVEM_MORENA
17,2,PT_MORENA
17,3,PAN
17,3,PRI
17,3,PRD
17,3,PVEM
17,3,PT
17,3,MC
17,3,MORENA
17,3,PAN_PRI_PRD
17,3,PAN_PRI
17,3,PAN_PRD
17,3,PRI_PRD
17,3,PVEM_PT_MORENA
17,3,PVEM_PT
17,3,PVEM_MORENA
17,3,PT_MORENA
17,4,PAN
17,4,PRI
17,4,PRD
17,4,PVEM
17,4,PT
17,4,MC
17,4,MORENA
17,4,PAN_PRI_PRD
17,4,PAN_PRI
17,4,PAN_PRD
17,4,PRI_PRD
17,4,PVEM_PT_MORENA
17,4,PVEM_PT
17,4,PVEM_MORENA
17,4,PT_MORENA
17,5,PAN
17,5,PRI
17,5,PRD
17,5,PVEM
17,5,PT
17,5,MC
17,5,MORENA
17,5,PAN_PRI_PRD
17,5,PAN_PRI
17,5,PAN_PRD
17,5,PRI_PRD
17,5,PVEM_PT_MORENA
17,5,PVEM_PT
17,5,PVEM_MORENA
17,5,PT_MORENA
18,1,PAN
18,1,PRI
18,1,PRD
18,1,PVEM
18,1,PT
18,1,MC
18,1,MORENA
18,1,PAN_PRI_PRD
18,1,PAN_PRI
18,1,PAN_PRD
18,1,PRI_PRD
18,1,PVEM_PT_MORENA
18,1,PVEM_PT
18,1,PVEM_MORENA
18,1,PT_MORENA
18,2,PAN
18,2,PRI
18,2,PRD
18,2,PVEM
18,2,PT
18,2,MC
18,2,MORENA
18,2,PAN_PRI_PRD
18,2,PAN_PRI
18,2,PAN_PRD
18,2,PRI_PRD
18,2,PVEM_PT_MORENA
18,2,PVEM_PT
18,2,PVEM_MORENA
18,2,PT_MORENA
18,3,PAN
18,3,PRI
18,3,PRD
18,3,PVEM
18,3,PT
18,3,MC
18,3,MORENA
18,3,PAN_PRI_PRD
18,3,PAN_PRI
18,3,PAN_PRD
18,3,PRI_PRD
18,3,PVEM_PT_MORENA
18,3,PVEM_PT
18,3,PVEM_MORENA
18,3,PT_MORENA
19,1,PAN
19,1,PRI
19,1,PRD
19,1,PVEM
19,1,PT
19,1,MC
19,1,MORENA
19,1,PAN_PRI_PRD
19,1,PAN_PRI
19,1,PAN_PRD
19,1,PRI_PRD
19,1,PVEM_PT_MORENA
19,1,PVEM_PT
19,1,PVEM_MORENA
19,1,PT_MORENA
19,2,PAN
19,2,PRI
19,2,PRD
19,2,PVEM
19,2,PT
19,2,MC
19,2,MORENA
19,2,PAN_PRI_PRD
19,2,PAN_PRI
19,2,PAN_PRD
19,2,PRI_PRD
19,2,PVEM_PT_MORENA
19,2,PVEM_PT
19,2,PVEM_MORENA
19,2,PT_MORENA
19,3,PAN
19,3,PRI
19,3,PRD
19,3,PVEM
19,3,PT
19,3,MC
19,3,MORENA
19,3,PAN_PRI_PRD
19,3,PAN_PRI
19,3,PAN_PRD
19,3,PRI_PRD
19,3,PVEM_PT_MORENA
19,3,PVEM_PT
19,3,PVEM_MORENA
19,3,PT_MORENA
19,4,PAN
19,4,PRI
19,4,PRD
19,4,PVEM
19,4,PT
19,4,MC
19,4,MORENA
19,4,PAN_PRI_PRD
19,4,PAN_PRI
19,4,PAN_PRD
19,4,PRI_PRD
19,4,PVEM_PT_MORENA
19,4,PVEM_PT
19,4,PVEM_MORENA
19,4,PT_MORENA
19,5,PAN
19,5,PRI
19,5,PRD
19,5,PVEM
19,5,PT
19,5,MC
19,5,MORENA
19,5,PAN_PRI_PRD
19,5,PAN_PRI
19,5,PAN_PRD
19,5,PRI_PRD
19,5,PVEM_PT_MORENA
19,5,PVEM_PT
19,5,PVEM_MORENA
19,5,PT_MORENA
19,6,PAN
19,6,PRI
19,6,PRD
19,6,PVEM
19,6,PT
19,6,MC
19,6,MORENA
19,6,PAN_PRI_PRD
19,6,PAN_PRI
19,6,PAN_PRD
19,6,PRI_PRD
19,6,PVEM_PT_MORENA
19,6,PVEM_PT
19,6,PVEM_MORENA
19,6,PT_MORENA
19,7,PAN
19,7,PRI
19,7,PRD
19,7,PVEM
19,7,PT
19,7,MC
19,7,MORENA
19,7,PAN_PRI_PRD
19,7,PAN_PRI
19,7,PAN_PRD
19,7,PRI_PRD
19,7,PVEM_PT_MORENA
19,7,PVEM_PT
19,7,PVEM_MORENA
19,7,PT_MORENA
19,8,PAN
19,8,PRI
19,8,PRD
19,8,PVEM
19,8,PT
19,8,MC
19,8,MORENA
19,8,PAN_PRI_PRD
19,8,PAN_PRI
19,8,PAN_PRD
19,8,PRI_PRD
19,8,PVEM_PT_MORENA
19,8,PVEM_PT
19,8,PVEM_MORENA
19,8,PT_MORENA
19,9,PAN
19,9,PRI
19,9,PRD
19,9,PVEM
19,9,PT
19,9,MC
19,9,MORENA
19,9,PAN_PRI_PRD
19,9,PAN_PRI
19,9,PAN_PRD
19,9,PRI_PRD
19,9,PVEM_PT_MORENA
19,9,PVEM_PT
19,9,PVEM_MORENA
19,9,PT_MORENA
19,10,PAN
19,10,PRI
19,10,PRD
19,10,PVEM
19,10,PT
19,10,MC
19,10,MORENA
19,10,PAN_PRI_PRD
19,10,PAN_PRI
19,10,PAN_PRD
19,10,PRI_PRD
19,10,PVEM_PT_MORENA
19,10,PVEM_PT
19,10,PVEM_MORENA
19,10,PT_MORENA
19,11,PAN
19,11,PRI
19,11,PRD
19,11,PVEM
19,11,PT
19,11,MC
19,11,MORENA
19,11,PAN_PRI_PRD
19,11,PAN_PRI
19,11,PAN_PRD
19,11,PRI_PRD
19,11,PVEM_PT_MORENA
19,11,PVEM_PT
19,11,PVEM_MORENA
19,11,PT_MORENA
19,12,PAN
19,12,PRI
19,12,PRD
19,12,PVEM
19,12,PT
19,12,MC
19,12,MORENA
19,12,PAN_PRI_PRD
19,12,PAN_PRI
19,12,PAN_PRD
19,12,PRI_PRD
19,12,PVEM_PT_MORENA
19,12,PVEM_PT
19,12,PVEM_MORENA
19,12,PT_MORENA
19,13,PAN
19,13,PRI
19,13,PRD
19,13,PVEM
19,13,PT
19,13,MC
19,13,MORENA
19,13,PAN_PRI_PRD
19,13,PAN_PRI
19,13,PAN_PRD
19,13,PRI_PRD
19,13,PVEM_PT_MORENA
19,13,PVEM_PT
19,13,PVEM_MORENA
19,13,PT_MORENA
19,14,PAN
19,14,PRI
19,14,PRD
19,14,PVEM
19,14,PT
19,14,MC
19,14,MORENA
19,14,PAN_PRI_PRD
19,14,PAN_PRI
19,14,PAN_PRD
19,14,PRI_PRD
19,14,PVEM_PT_MORENA
19,14,PVEM_PT
19,14,PVEM_MORENA
19,14,PT_MORENA
20,1,PAN
20,1,PRI
20,1,PRD
20,1,PVEM
20,1,PT
20,1,MC
20,1,MORENA
20,1,PAN_PRI_PRD
20,1,PAN_PRI
20,1,PAN_PRD
20,1,PRI_PRD
20,1,PVEM_PT_MORENA
20,1,PVEM_PT
20,1,PVEM_MORENA
20,1,PT_MORENA
20,2,PAN
20,2,PRI
20,2,PRD
20,2,PVEM
20,2,PT
20,2,MC
20,2,MORENA
20,2,PAN_PRI_PRD
20,2,PAN_PRI
20,2,PAN_PRD
20,2,PRI_PRD
20,2,PVEM_PT_MORENA
20,2,PVEM_PT
20,2,PVEM_MORENA
20,2,PT_MORENA
20,3,PAN
20,3,PRI
20,3,PRD
20,3,PVEM
20,3,PT
20,3,MC
20,3,MORENA
20,3,PAN_PRI_PRD
20,3,PAN_PRI
20,3,PAN_PRD
20,3,PRI_PRD
20,3,PVEM_PT_MORENA
20,3,PVEM_PT
20,3,PVEM_MORENA
20,3,PT_MORENA
20,4,PAN
20,4,PRI
20,4,PRD
20,4,PVEM
20,4,PT
20,4,MC
20,4,MORENA
20,4,PAN_PRI_PRD
20,4,PAN_PRI
20,4,PAN_PRD
20,4,PRI_PRD
20,5,PAN
20,5,PRI
20,5,PRD
20,5,PVEM
20,5,PT
20,5,MC
20,5,MORENA
20,5,PAN_PRI_PRD
20,5,PAN_PRI
20,5,PAN_PRD
20,5,PRI_PRD
20,6,PAN
20,6,PRI
20,6,PRD
20,6,PVEM
20,6,PT
20,6,MC
20,6,MORENA
20,6,PAN_PRI_PRD
20,6,PAN_PRI
20,6,PAN_PRD
20,6,PRI_PRD
20,6,PVEM_PT_MORENA
20,6,PVEM_PT
20,6,PVEM_MORENA
20,6,PT_MORENA
20,7,PAN
20,7,PRI
20,7,PRD
20,7,PVEM
20,7,PT
20,7,MC
20,7,MORENA
20,7,PAN_PRI_PRD
20,7,PAN_PRI
20,7,PAN_PRD
20,7,PRI_PRD
20,7,PVEM_PT_MORENA
20,7,PVEM_PT
20,7,PVEM_MORENA
20,7,PT_MORENA
20,8,PAN
20,8,PRI
20,8,PRD
20,8,PVEM
20,8,PT
20,8,MC
20,8,MORENA
20,8,PAN_PRI_PRD
20,8,PAN_PRI
20,8,PAN_PRD
20,8,PRI_PRD
20,8,PVEM_PT_MORENA
20,8,PVEM_PT
20,8,PVEM_MORENA
20,8,PT_MORENA
20,9,PAN
20,9,PRI
20,9,PRD
20,9,PVEM
20,9,PT
20,9,MC
20,9,MORENA
20,9,PAN_PRI_PRD
20,9,PAN_PRI
20,9,PAN_PRD
20,9,PRI_PRD
20,9,PVEM_PT_MORENA
20,9,PVEM_PT
20,9,PVEM_MORENA
20,9,PT_MORENA
20,10,PAN
20,10,PRI
20,10,PRD
20,10,PVEM
20,10,PT
20,10,MC
20,10,MORENA
20,10,PAN_PRI_PRD
20,10,PAN_PRI
20,10,PAN_PRD
20,10,PRI_PRD
21,1,PAN
21,1,PRI
21,1,PRD
21,1,PVEM
21,1,PT
21,1,MC
21,1,MORENA
21,1,PAN_PRI_PRD
21,1,PAN_PRI
21,1,PAN_PRD
21,1,PRI_PRD
21,1,PVEM_PT_MORENA
21,1,PVEM_PT
21,1,PVEM_MORENA
21,1,PT_MORENA
21,2,PAN
21,2,PRI
21,2,PRD
21,2,PVEM
21,2,PT
21,2,MC
21,2,MORENA
21,2,PAN_PRI_PRD
21,2,PAN_PRI
21,2,PAN_PRD
21,2,PRI_PRD
21,2,PVEM_PT_MORENA
21,2,PVEM_PT
21,2,PVEM_MORENA
21,2,PT_MORENA
21,3,PAN
21,3,PRI
21,3,PRD
21,3,PVEM
21,3,PT
21,3,MC
21,3,MORENA
21,3,PAN_PRI_PRD
21,3,PAN_PRI
21,3,PAN_PRD
21,3,PRI_PRD
21,3,PVEM_PT_MORENA
21,3,PVEM_PT
21,3,PVEM_MORENA
21,3,PT_MORENA
21,4,PAN
21,4,PRI
21,4,PRD
21,4,PVEM
21,4,PT
21,4,MC
21,4,MORENA
21,4,PAN_PRI_PRD
21,4,PAN_PRI
21,4,PAN_PRD
21,4,PRI_PRD
21,4,PVEM_PT_MORENA
21,4,PVEM_PT
21,4,PVEM_MORENA
21,4,PT_MORENA
21,5,PAN
21,5,PRI
21,5,PRD
21,5,PVEM
21,5,PT
21,5,MC
21,5,MORENA
21,5,PAN_PRI_PRD
21,5,PAN_PRI
21,5,PAN_PRD
21,5,PRI_PRD
21,5,PVEM_PT_MORENA
21,5,PVEM_PT
21,5,PVEM_MORENA
21,5,PT_MORENA
21,6,PAN
21,6,PRI
21,6,PRD
21,6,PVEM
21,6,PT
21,6,MC
21,6,MORENA
21,6,PAN_PRI_PRD
21,6,PAN_PRI
21,6,PAN_PRD
21,6,PRI_PRD
21,6,PVEM_PT_MORENA
21,6,PVEM_PT
21,6,PVEM_MORENA
21,6,PT_MORENA
21,7,PAN
21,7,PRI
21,7,PRD
21,7,PVEM
21,7,PT
21,7,MC
21,7,MORENA
21,7,PAN_PRI_PRD
21,7,PAN_PRI
21,7,PAN_PRD
21,7,PRI_PRD
21,7,PVEM_PT_MORENA
21,7,PVEM_PT
21,7,PVEM_MORENA
21,7,PT_MORENA
21,8,PAN
21,8,PRI
21,8,PRD
21,8,PVEM
21,8,PT
21,8,MC
21,8,MORENA
21,8,PAN_PRI_PRD
21,8,PAN_PRI
21,8,PAN_PRD
21,8,PRI_PRD
21,8,PVEM_PT_MORENA
21,8,PVEM_PT
21,8,PVEM_MORENA
21,8,PT_MORENA
21,9,PAN
21,9,PRI
21,9,PRD
21,9,PVEM
21,9,PT
21,9,MC
21,9,MORENA
21,9,PAN_PRI_PRD
21,9,PAN_PRI
21,9,PAN_PRD
21,9,PRI_PRD
21,9,PVEM_PT_MORENA
21,9,PVEM_PT
21,9,PVEM_MORENA
21,9,PT_MORENA
21,10,PAN
21,10,PRI
21,10,PRD
21,10,PVEM
21,10,PT
21,10,MC
21,10,MORENA
21,10,PAN_PRI_PRD
21,10,PAN_PRI
21,10,PAN_PRD
21,10,PRI_PRD
21,10,PVEM_PT_MORENA
21,10,PVEM_PT
21,10,PVEM_MORENA
21,10,PT_MORENA
21,11,PAN
21,11,PRI
21,11,PRD
21,11,PVEM
21,11,PT
21,11,MC
21,11,MORENA
21,11,PAN_PRI_PRD
21,11,PAN_PRI
21,11,PAN_PRD
21,11,PRI_PRD
21,11,PVEM_PT_MORENA
21,11,PVEM_PT
21,11,PVEM_MORENA
21,11,PT_MORENA
21,12,PAN
21,12,PRI
21,12,PRD
21,12,PVEM
21,12,PT
21,12,MC
21,12,MORENA
21,12,PAN_PRI_PRD
21,12,PAN_PRI
21,12,PAN_PRD
21,12,PRI_PRD
21,12,PVEM_PT_MORENA
21,12,PVEM_PT
21,12,PVEM_MORENA
21,12,PT_MORENA
21,13,PAN
21,13,PRI
21,13,PRD
21,13,PVEM
21,13,PT
21,13,MC
21,13,MORENA
21,13,PAN_PRI_PRD
21,13,PAN_PRI
21,13,PAN_PRD
21,13,PRI_PRD
21,13,PVEM_PT_MORENA
21,13,PVEM_PT
21,13,PVEM_MORENA
21,13,PT_MORENA
21,14,PAN
21,14,PRI
21,14,PRD
21,14,PVEM
21,14,PT
21,14,MC
21,14,MORENA
21,14,PAN_PRI_PRD
21,14,PAN_PRI
21,14,PAN_PRD
21,14,PRI_PRD
21,14,PVEM_PT_MORENA
21,14,PVEM_PT
21,14,PVEM_MORENA
21,14,PT_MORENA
21,15,PAN
21,15,PRI
21,15,PRD
21,15,PVEM
21,15,PT
21,15,MC
21,15,MORENA
21,15,PAN_PRI_PRD
21,15,PAN_PRI
21,15,PAN_PRD
21,15,PRI_PRD
21,15,PVEM_PT_MORENA
21,15,PVEM_PT
21,15,PVEM_MORENA
21,15,PT_MORENA
21,16,PAN
21,16,PRI
21,16,PRD
21,16,PVEM
21,16,PT
21,16,MC
21,16,MORENA
21,16,PAN_PRI_PRD
21,16,PAN_PRI
21,16,PAN_PRD
21,16,PRI_PRD
21,16,PVEM_PT_MORENA
21,16,PVEM_PT
21,16,PVEM_MORENA
21,16,PT_MORENA
22,1,PAN
22,1,PRI
22,1,PRD
22,1,PVEM
22,1,PT
22,1,MC
22,1,MORENA
22,1,PAN_PRI_PRD
22,1,PAN_PRI
22,1,PAN_PRD
22,1,PRI_PRD
22,1,PVEM_PT_MORENA
22,1,PVEM_PT
22,1,PVEM_MORENA
22,1,PT_MORENA
22,2,PAN
22,2,PRI
22,2,PRD
22,2,PVEM
22,2,PT
22,2,MC
22,2,MORENA
22,2,PAN_PRI_PRD
22,2,PAN_PRI
22,2,PAN_PRD
22,2,PRI_PRD
22,2,PVEM_PT_MORENA
22,2,PVEM_PT
22,2,PVEM_MORENA
22,2,PT_MORENA
22,3,PAN
22,3,PRI
22,3,PRD
22,3,PVEM
22,3,PT
22,3,MC
22,3,MORENA
22,3,PAN_PRI_PRD
22,3,PAN_PRI
22,3,PAN_PRD
22,3,PRI_PRD
22,4,PAN
22,4,PRI
22,4,PRD
22,4,PVEM
22,4,PT
22,4,MC
22,4,MORENA
22,4,PAN_PRI_PRD
22,4,PAN_PRI
22,4,PAN_PRD
22,4,PRI_PRD
22,5,PAN
22,5,PRI
22,5,PRD
22,5,PVEM
22,5,PT
22,5,MC
22,5,MORENA
22,5,PAN_PRI_PRD
22,5,PAN_PRI
22,5,PAN_PRD
22,5,PRI_PRD
22,5,PVEM_PT_MORENA
22,5,PVEM_PT
22,5,PVEM_MORENA
22,5,PT_MORENA
22,6,PAN
22,6,PRI
22,6,PRD
22,6,PVEM
22,6,PT
22,6,MC
22,6,MORENA
22,6,PAN_PRI_PRD
22,6,PAN_PRI
22,6,PAN_PRD
22,6,PRI_PRD
22,6,PVEM_PT_MORENA
22,6,PVEM_PT
22,6,PVEM_MORENA
22,6,PT_MORENA
23,1,PAN
23,1,PRI
23,1,PRD
23,1,PVEM
23,1,PT
23,1,MC
23,1,MORENA
23,1,PAN_PRI_PRD
23,1,PAN_PRI
23,1,PAN_PRD
23,1,PRI_PRD
23,1,PVEM_PT_MORENA
23,1,PVEM_PT
23,1,PVEM_MORENA
23,1,PT_MORENA
23,2,PAN
23,2,PRI
23,2,PRD
23,2,PVEM
23,2,PT
23,2,MC
23,2,MORENA
23,2,PAN_PRI_PRD
23,2,PAN_PRI
23,2,PAN_PRD
23,2,PRI_PRD
23,2,PVEM_PT_MORENA
23,2,PVEM_PT
23,2,PVEM_MORENA
23,2,PT_MORENA
23,3,PAN
23,3,PRI
23,3,PRD
23,3,PVEM
23,3,PT
23,3,MC
23,3,MORENA
23,3,PAN_PRI_PRD
23,3,PAN_PRI
23,3,PAN_PRD
23,3,PRI_PRD
23,4,PAN
23,4,PRI
23,4,PRD
23,4,PVEM
23,4,PT
23,4,MC
23,4,MORENA
23,4,PAN_PRI_PRD
23,4,PAN_PRI
23,4,PAN_PRD
23,4,PRI_PRD
23,4,PVEM_PT_MORENA
23,4,PVEM_PT
23,4,PVEM_MORENA
23,4,PT_MORENA
24,1,PAN
24,1,PRI
24,1,PRD
24,1,PVEM
24,1,PT
24,1,MC
24,1,MORENA
24,1,PAN_PRI_PRD
24,1,PAN_PRI
24,1,PAN_PRD
24,1,PRI_PRD
24,1,PVEM_PT_MORENA
24,1,PVEM_PT
24,1,PVEM_MORENA
24,1,PT_MORENA
24,2,PAN
24,2,PRI
24,2,PRD
24,2,PVEM
24,2,PT
24,2,MC
24,2,MORENA
24,2,PAN_PRI_PRD
24,2,PAN_PRI
24,2,PAN_PRD
24,2,PRI_PRD
24,2,PVEM_PT_MORENA
24,2,PVEM_PT
24,2,PVEM_MORENA
24,2,PT_MORENA
24,3,PAN
24,3,PRI
24,3,PRD
24,3,PVEM
24,3,PT
24,3,MC
24,3,MORENA
24,3,PAN_PRI_PRD
24,3,PAN_PRI
24,3,PAN_PRD
24,3,PRI_PRD
24,3,PVEM_PT_MORENA
24,3,PVEM_PT
24,3,PVEM_MORENA
24,3,PT_MORENA
24,4,PAN
24,4,PRI
24,4,PRD
24,4,PVEM
24,4,PT
24,4,MC
24,4,MORENA
24,4,PAN_PRI_PRD
24,4,PAN_PRI
24,4,PAN_PRD
24,4,PRI_PRD
24,4,PVEM_PT_MORENA
24,4,PVEM_PT
24,4,PVEM_MORENA
24,4,PT_MORENA
24,5,PAN
24,5,PRI
24,5,PRD
24,5,PVEM
24,5,PT
24,5,MC
24,5,MORENA
24,5,PAN_PRI_PRD
24,5,PAN_PRI
24,5,PAN_PRD
24,5,PRI_PRD
24,5,PVEM_PT_MORENA
24,5,PVEM_PT
24,5,PVEM_MORENA
24,5,PT_MORENA
24,6,PAN
24,6,PRI
24,6,PRD
24,6,PVEM
24,6,PT
24,6,MC
24,6,MORENA
24,6,PAN_PRI_PRD
24,6,PAN_PRI
24,6,PAN_PRD
24,6,PRI_PRD
24,6,PVEM_PT_MORENA
24,6,PVEM_PT
24,6,PVEM_MORENA
24,6,PT_MORENA
24,7,PAN
24,7,PRI
24,7,PRD
24,7,PVEM
24,7,PT
24,7,MC
24,7,MORENA
24,7,PAN_PRI_PRD
24,7,PAN_PRI
24,7,PAN_PRD
24,7,PRI_PRD
24,7,PVEM_PT_MORENA
24,7,PVEM_PT
24,7,PVEM_MORENA
24,7,PT_MORENA
25,1,PAN
25,1,PRI
25,1,PRD
25,1,PVEM
25,1,PT
25,1,MC
25,1,MORENA
25,1,PAN_PRI_PRD
25,1,PAN_PRI
25,1,PAN_PRD
25,1,PRI_PRD
25,1,PVEM_PT_MORENA
25,1,PVEM_PT
25,1,PVEM_MORENA
25,1,PT_MORENA
25,2,PAN
25,2,PRI
25,2,PRD
25,2,PVEM
25,2,PT
25,2,MC
25,2,MORENA
25,2,PAN_PRI_PRD
25,2,PAN_PRI
25,2,PAN_PRD
25,2,PRI_PRD
25,3,PAN
25,3,PRI
25,3,PRD
25,3,PVEM
25,3,PT
25,3,MC
25,3,MORENA
25,3,PAN_PRI_PRD
25,3,PAN_PRI
25,3,PAN_PRD
25,3,PRI_PRD
25,3,PVEM_PT_MORENA
25,3,PVEM_PT
25,3,PVEM_MORENA
25,3,PT_MORENA
25,4,PAN
25,4,PRI
25,4,PRD
25,4,PVEM
25,4,PT
25,4,MC
25,4,MORENA
25,4,PAN_PRI_PRD
25,4,PAN_PRI
25,4,PAN_PRD
25,4,PRI_PRD
25,4,PVEM_PT_MORENA
25,4,PVEM_PT
25,4,PVEM_MORENA
25,4,PT_MORENA
25,5,PAN
25,5,PRI
25,5,PRD
25,5,PVEM
25,5,PT
25,5,MC
25,5,MORENA
25,5,PAN_PRI_PRD
25,5,PAN_PRI
25,5,PAN_PRD
25,5,PRI_PRD
25,5,PVEM_PT_MORENA
25,5,PVEM_PT
25,5,PVEM_MORENA
25,5,PT_MORENA
25,6,PAN
25,6,PRI
25,6,PRD
25,6,PVEM
25,6,PT
25,6,MC
25,6,MORENA
25,6,PAN_PRI_PRD
25,6,PAN_PRI
25,6,PAN_PRD
25,6,PRI_PRD
25,7,PAN
25,7,PRI
25,7,PRD
25,7,PVEM
25,7,PT
25,7,MC
25,7,MORENA
25,7,PAN_PRI_PRD
25,7,PAN_PRI
25,7,PAN_PRD
25,7,PRI_PRD
25,7,PVEM_PT_MORENA
25,7,PVEM_PT
25,7,PVEM_MORENA
25,7,PT_MORENA
26,1,PAN
26,1,PRI
26,1,PRD
26,1,PVEM
26,1,PT
26,1,MC
26,1,MORENA
26,1,PAN_PRI_PRD
26,1,PAN_PRI
26,1,PAN_PRD
26,1,PRI_PRD
26,1,PVEM_PT_MORENA
26,1,PVEM_PT
26,1,PVEM_MORENA
26,1,PT_MORENA
26,2,PAN
26,2,PRI
26,2,PRD
26,2,PVEM
26,2,PT
26,2,MC
26,2,MORENA
26,2,PAN_PRI_PRD
26,2,PAN_PRI
26,2,PAN_PRD
26,2,PRI_PRD
26,2,PVEM_PT_MORENA
26,2,PVEM_PT
26,2,PVEM_MORENA
26,2,PT_MORENA
26,3,PAN
26,3,PRI
26,3,PRD
26,3,PVEM
26,3,PT
26,3,MC
26,3,MORENA
26,3,PAN_PRI_PRD
26,3,PAN_PRI
26,3,PAN_PRD
26,3,PRI_PRD
26,3,PVEM_PT_MORENA
26,3,PVEM_PT
26,3,PVEM_MORENA
26,3,PT_MORENA
26,4,PAN
26,4,PRI
26,4,PRD
26,4,PVEM
26,4,PT
26,4,MC
26,4,MORENA
26,4,PAN_PRI_PRD
26,4,PAN_PRI
26,4,PAN_PRD
26,4,PRI_PRD
26,4,PVEM_PT_MORENA
26,4,PVEM_PT
26,4,PVEM_MORENA
26,4,PT_MORENA
26,5,PAN
26,5,PRI
26,5,PRD
26,5,PVEM
26,5,PT
26,5,MC
26,5,MORENA
26,5,PAN_PRI_PRD
26,5,PAN_PRI
26,5,PAN_PRD
26,5,PRI_PRD
26,5,PVEM_PT_MORENA
26,5,PVEM_PT
26,5,PVEM_MORENA
26,5,PT_MORENA
26,6,PAN
26,6,PRI
26,6,PRD
26,6,PVEM
26,6,PT
26,6,MC
26,6,MORENA
26,6,PAN_PRI_PRD
26,6,PAN_PRI
26,6,PAN_PRD
26,6,PRI_PRD
26,6,PVEM_PT_MORENA
26,6,PVEM_PT
26,6,PVEM_MORENA
26,6,PT_MORENA
26,7,PAN
26,7,PRI
26,7,PRD
26,7,PVEM
26,7,PT
26,7,MC
26,7,MORENA
26,7,PAN_PRI_PRD
26,7,PAN_PRI
26,7,PAN_PRD
26,7,PRI_PRD
26,7,PVEM_PT_MORENA
26,7,PVEM_PT
26,7,PVEM_MORENA
26,7,PT_MORENA
27,1,PAN
27,1,PRI
27,1,PRD
27,1,PVEM
27,1,PT
27,1,MC
27,1,MORENA
27,1,PAN_PRI_PRD
27,1,PAN_PRI
27,1,PAN_PRD
27,1,PRI_PRD
27,2,PAN
27,2,PRI
27,2,PRD
27,2,PVEM
27,2,PT
27,2,MC
27,2,MORENA
27,2,PAN_PRI_PRD
27,2,PAN_PRI
27,2,PAN_PRD
27,2,PRI_PRD
27,3,PAN
27,3,PRI
27,3,PRD
27,3,PVEM
27,3,PT
27,3,MC
27,3,MORENA
27,3,PAN_PRI_PRD
27,3,PAN_PRI
27,3,PAN_PRD
27,3,PRI_PRD
27,4,PAN
27,4,PRI
27,4,PRD
27,4,PVEM
27,4,PT
27,4,MC
27,4,MORENA
27,4,PAN_PRI_PRD
27,4,PAN_PRI
27,4,PAN_PRD
27,4,PRI_PRD
27,5,PAN
27,5,PRI
27,5,PRD
27,5,PVEM
27,5,PT
27,5,MC
27,5,MORENA
27,5,PAN_PRI_PRD
27,5,PAN_PRI
27,5,PAN_PRD
27,5,PRI_PRD
27,6,PAN
27,6,PRI
27,6,PRD
27,6,PVEM
27,6,PT
27,6,MC
27,6,MORENA
27,6,PAN_PRI_PRD
27,6,PAN_PRI
27,6,PAN_PRD
27,6,PRI_PRD
28,1,PAN
28,1,PRI
28,1,PRD
28,1,PVEM
28,1,PT
28,1,MC
28,1,MORENA
28,1,PAN_PRI_PRD
28,1,PAN_PRI
28,1,PAN_PRD
28,1,PRI_PRD
28,1,PVEM_PT_MORENA
28,1,PVEM_PT
28,1,PVEM_MORENA
28,1,PT_MORENA
28,2,PAN
28,2,PRI
28,2,PRD
28,2,PVEM
28,2,PT
28,2,MC
28,2,MORENA
28,2,PAN_PRI_PRD
28,2,PAN_PRI
28,2,PAN_PRD
28,2,PRI_PRD
28,2,PVEM_PT_MORENA
28,2,PVEM_PT
28,2,PVEM_MORENA
28,2,PT_MORENA
28,3,PAN
28,3,PRI
28,3,PRD
28,3,PVEM
28,3,PT
28,3,MC
28,3,MORENA
28,3,PAN_PRI_PRD
28,3,PAN_PRI
28,3,PAN_PRD
28,3,PRI_PRD
28,3,PVEM_PT_MORENA
28,3,PVEM_PT
28,3,PVEM_MORENA
28,3,PT_MORENA
28,4,PAN
28,4,PRI
28,4,PRD
28,4,PVEM
28,4,PT
28,4,MC
28,4,MORENA
28,4,PAN_PRI_PRD
28,4,PAN_PRI
28,4,PAN_PRD
28,4,PRI_PRD
28,4,PVEM_PT_MORENA
28,4,PVEM_PT
28,4,PVEM_MORENA
28,4,PT_MORENA
28,5,PAN
28,5,PRI
28,5,PRD
28,5,PVEM
28,5,PT
28,5,MC
28,5,MORENA
28,5,PAN_PRI_PRD
28,5,PAN_PRI
28,5,PAN_PRD
28,5,PRI_PRD
28,5,PVEM_PT_MORENA
28,5,PVEM_PT
28,5,PVEM_MORENA
28,5,PT_MORENA
28,6,PAN
28,6,PRI
28,6,PRD
28,6,PVEM
28,6,PT
28,6,MC
28,6,MORENA
28,6,PAN_PRI_PRD
28,6,PAN_PRI
28,6,PAN_PRD
28,6,PRI_PRD
28,6,PVEM_PT_MORENA
28,6,PVEM_PT
28,6,PVEM_MORENA
28,6,PT_MORENA
28,7,PAN
28,7,PRI
28,7,PRD
28,7,PVEM
28,7,PT
28,7,MC
28,7,MORENA
28,7,PAN_PRI_PRD
28,7,PAN_PRI
28,7,PAN_PRD
28,7,PRI_PRD
28,7,PVEM_PT_MORENA
28,7,PVEM_PT
28,7,PVEM_MORENA
28,7,PT_MORENA
28,8,PAN
28,8,PRI
28,8,PRD
28,8,PVEM
28,8,PT
28,8,MC
28,8,MORENA
28,8,PAN_PRI_PRD
28,8,PAN_PRI
28,8,PAN_PRD
28,8,PRI_PRD
28,8,PVEM_PT_MORENA
28,8,PVEM_PT
28,8,PVEM_MORENA
28,8,PT_MORENA
29,1,PAN
29,1,PRI
29,1,PRD
29,1,PVEM
29,1,PT
29,1,MC
29,1,MORENA
29,1,PAN_PRI_PRD
29,1,PAN_PRI
29,1,PAN_PRD
29,1,PRI_PRD
29,1,PVEM_PT_MORENA
29,1,PVEM_PT
29,1,PVEM_MORENA
29,1,PT_MORENA
29,2,PAN
29,2,PRI
29,2,PRD
29,2,PVEM
29,2,PT
29,2,MC
29,2,MORENA
29,2,PAN_PRI_PRD
29,2,PAN_PRI
29,2,PAN_PRD
29,2,PRI_PRD
29,2,PVEM_PT_MORENA
29,2,PVEM_PT
29,2,PVEM_MORENA
29,2,PT_MORENA
29,3,PAN
29,3,PRI
29,3,PRD
29,3,PVEM
29,3,PT
29,3,MC
29,3,MORENA
29,3,PAN_PRI_PRD
29,3,PAN_PRI
29,3,PAN_PRD
29,3,PRI_PRD
29,3,PVEM_PT_MORENA
29,3,PVEM_PT
29,3,PVEM_MORENA
29,3,PT_MORENA
30,1,PAN
30,1,PRI
30,1,PRD
30,1,PVEM
30,1,PT
30,1,MC
30,1,MORENA
30,1,PAN_PRI_PRD
30,1,PAN_PRI
30,1,PAN_PRD
30,1,PRI_PRD
30,1,PVEM_PT_MORENA
30,1,PVEM_PT
30,1,PVEM_MORENA
30,1,PT_MORENA
30,2,PAN
30,2,PRI
30,2,PRD
30,2,PVEM
30,2,PT
30,2,MC
30,2,MORENA
30,2,PAN_PRI_PRD
30,2,PAN_PRI
30,2,PAN_PRD
30,2,PRI_PRD
30,2,PVEM_PT_MORENA
30,2,PVEM_PT
30,2,PVEM_MORENA
30,2,PT_MORENA
30,3,PAN
30,3,PRI
30,3,PRD
30,3,PVEM
30,3,PT
30,3,MC
30,3,MORENA
30,3,PAN_PRI_PRD
30,3,PAN_PRI
30,3,PAN_PRD
30,3,PRI_PRD
30,3,PVEM_PT_MORENA
30,3,PVEM_PT
30,3,PVEM_MORENA
30,3,PT_MORENA
30,4,PAN
30,4,PRI
30,4,PRD
30,4,PVEM
30,4,PT
30,4,MC
30,4,MORENA
30,4,PAN_PRI_PRD
30,4,PAN_PRI
30,4,PAN_PRD
30,4,PRI_PRD
30,4,PVEM_PT_MORENA
30,4,PVEM_PT
30,4,PVEM_MORENA
30,4,PT_MORENA
30,5,PAN
30,5,PRI
30,5,PRD
30,5,PVEM
30,5,PT
30,5,MC
30,5,MORENA
30,5,PAN_PRI_PRD
30,5,PAN_PRI
30,5,PAN_PRD
30,5,PRI_PRD
30,5,PVEM_PT_MORENA
30,5,PVEM_PT
30,5,PVEM_MORENA
30,5,PT_MORENA
30,6,PAN
30,6,PRI
30,6,PRD
30,6,PVEM
30,6,PT
30,6,MC
30,6,MORENA
30,6,PAN_PRI_PRD
30,6,PAN_PRI
30,6,PAN_PRD
30,6,PRI_PRD
30,6,PVEM_PT_MORENA
30,6,PVEM_PT
30,6,PVEM_MORENA
30,6,PT_MORENA
30,7,PAN
30,7,PRI
30,7,PRD
30,7,PVEM
30,7,PT
30,7,MC
30,7,MORENA
30,7,PAN_PRI_PRD
30,7,PAN_PRI
30,7,PAN_PRD
30,7,PRI_PRD
30,7,PVEM_PT_MORENA
30,7,PVEM_PT
30,7,PVEM_MORENA
30,7,PT_MORENA
30,8,PAN
30,8,PRI
30,8,PRD
30,8,PVEM
30,8,PT
30,8,MC
30,8,MORENA
30,8,PAN_PRI_PRD
30,8,PAN_PRI
30,8,PAN_PRD
30,8,PRI_PRD
30,9,PAN
30,9,PRI
30,9,PRD
30,9,PVEM
30,9,PT
30,9,MC
30,9,MORENA
30,9,PAN_PRI_PRD
30,9,PAN_PRI
30,9,PAN_PRD
30,9,PRI_PRD
30,9,PVEM_PT_MORENA
30,9,PVEM_PT
30,9,PVEM_MORENA
30,9,PT_MORENA
30,10,PAN
30,10,PRI
30,10,PRD
30,10,PVEM
30,10,PT
30,10,MC
30,10,MORENA
30,10,PAN_PRI_PRD
30,10,PAN_PRI
30,10,PAN_PRD
30,10,PRI_PRD
30,10,PVEM_PT_MORENA
30,10,PVEM_PT
30,10,PVEM_MORENA
30,10,PT_MORENA
30,11,PAN
30,11,PRI
30,11,PRD
30,11,PVEM
30,11,PT
30,11,MC
30,11,MORENA
30,11,PAN_PRI_PRD
30,11,PAN_PRI
30,11,PAN_PRD
30,11,PRI_PRD
30,11,PVEM_PT_MORENA
30,11,PVEM_PT
30,11,PVEM_MORENA
30,11,PT_MORENA
30,12,PAN
30,12,PRI
30,12,PRD
30,12,PVEM
30,12,PT
30,12,MC
30,12,MORENA
30,12,PAN_PRI_PRD
30,12,PAN_PRI
30,12,PAN_PRD
30,12,PRI_PRD
30,12,PVEM_PT_MORENA
30,12,PVEM_PT
30,12,PVEM_MORENA
30,12,PT_MORENA
30,13,PAN
30,13,PRI
30,13,PRD
30,13,PVEM
30,13,PT
30,13,MC
30,13,MORENA
30,13,PAN_PRI_PRD
30,13,PAN_PRI
30,13,PAN_PRD
30,13,PRI_PRD
30,13,PVEM_PT_MORENA
30,13,PVEM_PT
30,13,PVEM_MORENA
30,13,PT_MORENA
30,14,PAN
30,14,PRI
30,14,PRD
30,14,PVEM
30,14,PT
30,14,MC
30,14,MORENA
30,14,PAN_PRI_PRD
30,14,PAN_PRI
30,14,PAN_PRD
30,14,PRI_PRD
30,14,PVEM_PT_MORENA
30,14,PVEM_PT
30,14,PVEM_MORENA
30,14,PT_MORENA
30,15,PAN
30,15,PRI
30,15,PRD
30,15,PVEM
30,15,PT
30,15,MC
30,15,MORENA
30,15,PAN_PRI_PRD
30,15,PAN_PRI
30,15,PAN_PRD
30,15,PRI_PRD
30,15,PVEM_PT_MORENA
30,15,PVEM_PT
30,15,PVEM_MORENA
30,15,PT_MORENA
30,16,PAN
30,16,PRI
30,16,PRD
30,16,PVEM
30,16,PT
30,16,MC
30,16,MORENA
30,16,PAN_PRI_PRD
30,16,PAN_PRI
30,16,PAN_PRD
30,16,PRI_PRD
30,16,PVEM_PT_MORENA
30,16,PVEM_PT
30,16,PVEM_MORENA
30,16,PT_MORENA
30,17,PAN
30,17,PRI
30,17,PRD
30,17,PVEM
30,17,PT
30,17,MC
30,17,MORENA
30,17,PAN_PRI_PRD
30,17,PAN_PRI
30,17,PAN_PRD
30,17,PRI_PRD
30,17,PVEM_PT_MORENA
30,17,PVEM_PT
30,17,PVEM_MORENA
30,17,PT_MORENA
30,18,PAN
30,18,PRI
30,18,PRD
30,18,PVEM
30,18,PT
30,18,MC
30,18,MORENA
30,18,PAN_PRI_PRD
30,18,PAN_PRI
30,18,PAN_PRD
30,18,PRI_PRD
30,18,PVEM_PT_MORENA
30,18,PVEM_PT
30,18,PVEM_MORENA
30,18,PT_MORENA
30,19,PAN
30,19,PRI
30,19,PRD
30,19,PVEM
30,19,PT
30,19,MC
30,19,MORENA
30,19,PAN_PRI_PRD
30,19,PAN_PRI
30,19,PAN_PRD
30,19,PRI_PRD
30,19,PVEM_PT_MORENA
30,19,PVEM_PT
30,19,PVEM_MORENA
30,19,PT_MORENA
31,1,PAN
31,1,PRI
31,1,PRD
31,1,PVEM
31,1,PT
31,1,MC
31,1,MORENA
31,1,PAN_PRI_PRD
31,1,PAN_PRI
31,1,PAN_PRD
31,1,PRI_PRD
31,1,PVEM_PT_MORENA
31,1,PVEM_PT
31,1,PVEM_MORENA
31,1,PT_MORENA
31,2,PAN
31,2,PRI
31,2,PRD
31,2,PVEM
31,2,PT
31,2,MC
31,2,MORENA
31,2,PAN_PRI_PRD
31,2,PAN_PRI
31,2,PAN_PRD
31,2,PRI_PRD
31,2,PVEM_PT_MORENA
31,2,PVEM_PT
31,2,PVEM_MORENA
31,2,PT_MORENA
31,3,PAN
31,3,PRI
31,3,PRD
31,3,PVEM
31,3,PT
31,3,MC
31,3,MORENA
31,3,PAN_PRI_PRD
31,3,PAN_PRI
31,3,PAN_PRD
31,3,PRI_PRD
31,3,PVEM_PT_MORENA
31,3,PVEM_PT
31,3,PVEM_MORENA
31,3,PT_MORENA
31,4,PAN
31,4,PRI
31,4,PRD
31,4,PVEM
31,4,PT
31,4,MC
31,4,MORENA
31,4,PAN_PRI_PRD
31,4,PAN_PRI
31,4,PAN_PRD
31,4,PRI_PRD
31,4,PVEM_PT_MORENA
31,4,PVEM_PT
31,4,PVEM_MORENA
31,4,PT_MORENA
31,5,PAN
31,5,PRI
31,5,PRD
31,5,PVEM
31,5,PT
31,5,MC
31,5,MORENA
31,5,PAN_PRI_PRD
31,5,PAN_PRI
31,5,PAN_PRD
31,5,PRI_PRD
31,5,PVEM_PT_MORENA
31,5,PVEM_PT
31,5,PVEM_MORENA
31,5,PT_MORENA
31,6,PAN
31,6,PRI
31,6,PRD
31,6,PVEM
31,6,PT
31,6,MC
31,6,MORENA
31,6,PAN_PRI_PRD
31,6,PAN_PRI
31,6,PAN_PRD
31,6,PRI_PRD
31,6,PVEM_PT_MORENA
31,6,PVEM_PT
31,6,PVEM_MORENA
31,6,PT_MORENA
32,1,PAN
32,1,PRI
32,1,PRD
32,1,PVEM
32,1,PT
32,1,MC
32,1,MORENA
32,1,PAN_PRI_PRD
32,1,PAN_PRI
32,1,PAN_PRD
32,1,PRI_PRD
32,1,PVEM_PT_MORENA
32,1,PVEM_PT
32,1,PVEM_MORENA
32,1,PT_MORENA
32,2,PAN
32,2,PRI
32,2,PRD
32,2,PVEM
32,2,PT
32,2,MC
32,2,MORENA
32,2,PAN_PRI_PRD
32,2,PAN_PRI
32,2,PAN_PRD
32,2,PRI_PRD
32,2,PVEM_PT_MORENA
32,2,PVEM_PT
32,2,PVEM_MORENA
32,2,PT_MORENA
32,3,PAN
32,3,PRI
32,3,PRD
32,3,PVEM
32,3,PT
32,3,MC
32,3,MORENA
32,3,PAN_PRI_PRD
32,3,PAN_PRI
32,3,PAN_PRD
32,3,PRI_PRD
32,3,PVEM_PT_MORENA
32,3,PVEM_PT
32,3,PVEM_MORENA
32,3,PT_MORENA
32,4,PAN
32,4,PRI
32,4,PRD
32,4,PVEM
32,4,PT
32,4,MC
32,4,MORENA
32,4,PAN_PRI_PRD
32,4,PAN_PRI
32,4,PAN_PRD
32,4,PRI_PRD
32,4,PVEM_PT_MORENA
32,4,PVEM_PT
32,4,PVEM_MORENA
32,4,PT_MORENA